1515,1,2081
151,2,King Kong
2695,3,"City of Sadness, A (Bei qing cheng shi)"
365,4,A Grain of Truth
1197,5,"Tripper, The"
2990,6,The Man Who Loved Yngve
1935,7,Deceiver
1513,8,Dirty Ho (Lan tou He)
2494,9,Adult Camp
1643,10,Lucifer Rising
2364,11,Something Ventured
1319,12,Charlotte's Web 2: Wilbur's Great Adventure
887,13,L'instant et la patience 
2382,14,Home
456,15,"Patriot, The"
1957,16,"Beyond, The (E tu vivrai nel terrore - L'aldilà)"
2572,17,Wild Oranges
1868,18,28 Days Later
290,19,L.A. Confidential
135,20,Death Wish 5: The Face of Death
2214,21,Hellion
253,22,Three Faces East
1258,23,The Green Years
2583,24,Money as Debt
2800,25,The Little Fox
2619,26,Another Earth
1068,27,Around the World
2456,28,"Desperadoes, The"
2335,29,"Barretts of Wimpole Street, The (a.k.a. Forbidden Alliance)"
1394,30,Crime and Punishment in Suburbia
46,31,15
2711,32,Sanctum
1212,33,"13th Letter, The"
236,34,Poltergeist III
1443,35,2:22
2609,36,"Country Girl, The"
2301,37,Eyes Wide Open (Einayim Petukhoth)
2150,38,"Flintstone Kids' Just Say No Special, The"
898,39,Superpower
1596,40,Lilya 4-Ever (Lilja 4-ever)
2896,41,When Pigs Have Wings
1886,42,Since You Went Away
1195,43,Armored
57,44,"Reader, The"
2526,45,"Skin Too Few: The Days of Nick Drake, A"
2105,46,Vibes
1336,47,F/X
2885,48,Jubilation Street
1759,49,Dirty Work
340,50,Tales from the Crypt Presents: Bordello of Blood
1470,51,Moving Alan
729,52,Intact (Intacto)
940,53,"Simpsons: The Longest Daycare, The"
1173,54,Hank and Mike
2956,55,Nymphomaniac: Volume II
173,56,Backstage
2038,57,The Count of Monte Cristo
2217,58,Must Read After My Death
306,59,Elevator to the Gallows (a.k.a. Frantic) (Ascenseur pour l'échafaud)
2577,60,With Fire and Sword (Ogniem i mieczem)
1358,61,"Man with One Red Shoe, The"
1165,62,Scream 4
597,63,66 Scenes From America
1781,64,Inside the Twin Towers
56,65,The Siege of Firebase Gloria
802,66,Gamera vs. Gyaos (Daikaijû kûchûsen: Gamera tai Gyaosu)
958,67,The Island
421,68,Charlie Chan in Egypt
1664,69,The Hire: Ambush
760,70,"Cotton Club, The"
4,71,À nous la liberté (Freedom for Us)
1887,72,"Bang, Bang, You're Dead"
2235,73,Barefoot (Barfuss)
2392,74,Touch the Sound: A Sound Journey with Evelyn Glennie
992,75,"Getting Go, the Go Doc Project"
405,76,The Great Spy Chase
559,77,Carry on Cruising
560,78,Three Men and a Cradle (3 hommes et un couffin)
2970,79,Blow
1237,80,"Salo, or The 120 Days of Sodom (Salò o le 120 giornate di Sodoma)"
1682,81,Queen of the Damned
1975,82,"Tall T, The"
2670,83,Frankenstein
1137,84,Hoop Dreams
2942,85,Joe and Max
1476,86,Sodom and Gomorrah
331,87,Death Race 2
1694,88,Dabangg 2
888,89,"Act in Question, The (Acto en cuestión, El)"
2473,90,Dirty Wars
2024,91,Hand in Hand
1330,92,"World of Kanako, The (Kawaki.)"
12,93,The Tunnel of Love
34,94,Charlie Chan Carries On
437,95,My Amityville Horror
2727,96,"Lady Vanishes, The"
532,97,Garbage Prince
2384,98,Lille Fridolf and I
1842,99,Gosford Park
1388,100,Blondie Knows Best
783,101,New World (Shin-sae-gye)
1106,102,Charlie Chan in Reno
1641,103,L'instant et la patience 
1873,104,Intolerance: Love's Struggle Throughout the Ages
12,105,Rings on Her Fingers
452,106,Genesis
2323,107,Wild Bill
999,108,Dangerous Liaisons
488,109,Blaze
860,110,Pawn
2395,111,Reincarnation
1151,112,3 Ninjas Kick Back
94,113,Tales from the Golden Age (Amintiri din epoca de aur)
145,114,"Nightmare in Las Cruces, A"
1555,115,World on a Wire (Welt am Draht)
1876,116,"Taming of the Shrew, The"
2944,117,Addams Family Values
857,118,"Hasty Heart, The"
361,119,Psycho II
647,120,Satan's Tango (Sátántangó)
191,121,Impure Thoughts
633,122,Tokyo Fist (Tokyo ken)
2768,123,Camouflage
2489,124,"Bruno (Dress Code, The)"
444,125,Cesar Chavez
1333,126,Chaos Theory
911,127,Killing Us Softly 3
1546,128,Big Game
2705,129,Jack Frost
1280,130,Sins
478,131,Majesteit
2497,132,No Country for Old Men
1287,133,Anna and the King of Siam
1919,134,Demons (Dèmoni)
192,135,"Ringer, The"
1343,136,Amos & Andrew
1878,137,"Funeral, The"
1195,138,Alone in the Dark II
2115,139,Zipper
1564,140,"Misérables, Les"
1289,141,Bring It On: Fight to the Finish
85,142,Final Destination
2310,143,"General, The"
1681,144,Black Bread (Pa Negre)
2138,145,"Remains of the Day, The"
2368,146,Princess Raccoon (Operetta tanuki goten)
760,147,Super 8 Stories
2054,148,Moment by Moment
604,149,3:10 to Yuma
2190,150,Wonder Bar
1780,151,Iron Sky
972,152,Reasonable Doubt
2173,153,Lonesome Dove
1797,154,"Big Fix, The"
2075,155,Mystery (Fu cheng mi shi)
1318,156,Stella
2763,157,Night of the Lepus
778,158,"Munekata Sisters, The (Munekata kyôdai)"
1666,159,American Promise
1704,160,"Amityville Horror, The"
1178,161,"Patriot, The"
1323,162,My Sex Life... or How I Got Into an Argument (Comment je me suis disputé... (ma vie sexuelle))
240,163,"Cat Came Back, The"
869,164,Blood Alley
89,165,"Phantom of the Opera, The"
1446,166,"Lost, Lost, Lost "
950,167,Starsky & Hutch
360,168,Two Days in April
2549,169,"Work of Director Michel Gondry, The"
2749,170,Nordkraft
194,171,The Virginian
2442,172,Charm School (Niñas mal)
2043,173,Jerichow
611,174,Knockin' on Heaven's Door
956,175,Central Station (Central do Brasil)
612,176,Earthsea (Legend of Earthsea)
2412,177,Quick Change
613,178,"Distant Voices, Still Lives"
165,179,Warren Oates: Across the Border
2889,180,Playing the Victim (Izobrazhaya zhertvu)
2122,181,Murder by Contract
1349,182,Appointment with Danger
26,183,Stage Fright
2165,184,"Shopworn Angel, The"
376,185,"Walk to Remember, A"
1100,186,"Over-Eater, The (L'outremangeur)"
1933,187,Winter in Wartime
620,188,Mission: Impossible II
2540,189,Comanche Moon
2539,190,Red Riding: 1980
620,191,Time Freak
287,192,The Merry Widow
1732,193,The Power and the Glory
1331,194,The Car
929,195,Wonder Boys
2243,196,Battle Circus
2001,197,Seven Pounds
1555,198,Spartacus
1814,199,"Curse of the Cat People, The"
525,200,"Baby-Sitters Club, The"
1182,201,9 Songs
2668,202,Arthur and the Invisibles
1908,203,London Boulevard
1545,204,"Bench, The (Bænken)"
2631,205,Liar's Dice
1057,206,Goal II: Living the Dream
744,207,Peter Pan
2317,208,"Assault, The (Aanslag, De)"
1001,209,Pecker
1716,210,"Color Purple, The"
2905,211,Thomas in Love (Thomas est Amoureux)
2889,212,Private Hell 36
1446,213,Wake Island
2941,214,White Palace
2191,215,"Ritz, The"
1052,216,Dead of the Nite
1154,217,Blood of Dracula
2839,218,Silk Stockings
2242,219,Fred Claus
1071,220,Megiddo: The Omega Code 2
783,221,True Believer
1472,222,"Great Gatsby, The"
571,223,Line of Sight
623,224,Tarzan's Greatest Adventure
919,225,"Apple, The"
1947,226,Bean
1050,227,Supercondriaque
2916,228,Come Have Coffee with Us
1611,229,Seven Invisible Men (Septyni nematomi zmones)
171,230,Bushwhacked
2123,231,Inside The X-files
761,232,Message in a Bottle
116,233,Odd Couple (Bo ming chan dao duo ming qiang) (Eternal Conflict)
2355,234,Birdy
546,235,Howard Zinn: You Can't Be Neutral on a Moving Train
1017,236,Rainbow Valley
38,237,"Misfits, The"
199,238,A Cry in the Wild
783,239,36 Crazy Fists (San shi liu mi xing quan)
280,240,Run for Cover
1353,241,Never Say Never Again
960,242,Turkish Passion (La pasión turca)
224,243,Curly Top
1571,244,Armageddon (Armaguedon)
990,245,God of Cookery (Sik san)
1606,246,Games
1613,247,Machete Maidens Unleashed!
2128,248,Diary of a Cannibal
201,249,Alien Abduction
253,250,Unmade Beds
439,251,Jesse Stone: No Remorse
1216,252,Blood Suckers from Outer Space
2186,253,Rainy Dog (Gokudô kuroshakai)
1548,254,The Hornet's Nest
1978,255,Wind Chill
2432,256,Last Exit
1825,257,"Brother's Kiss, A"
2533,258,Nelly & Monsieur Arnaud
2929,259,Gendernauts
107,260,"Green Room, The (a.k.a. Vanishing Fiancee) (La chambre verte)"
120,261,"Bourne Supremacy, The"
1511,262,Sparrows Dance
22,263,Boccaccio '70
2181,264,"Paperboy, The"
2138,265,"Dead Next Door, The"
582,266,Hit and Run (Hit & Run)
397,267,Spies Like Us
2667,268,Black Narcissus
1479,269,'Hellboy': The Seeds of Creation
1344,270,Nice Guy Johnny
206,271,How to Lose a Guy in 10 Days
2131,272,"Key, The"
1636,273,Unstrung Heroes
2824,274,Nancy Goes to Rio
176,275,Hulk Vs.
125,276,Boogie Man: The Lee Atwater Story
1002,277,When Eight Bells Toll
1027,278,Twilight's Last Gleaming
1190,279,Buddy Boy
294,280,Yrrol: An Enormously Well Thought Out Movie (Yrrol - en kolossalt genomtänkt film)
1459,281,Vassilisa the Beautiful (Vasilisa prekrasnaya)
1016,282,Gigantic
2976,283,Tales of Terror (Kaidan Shin Mimibukuro)
853,284,"Ugly Truth, The"
62,285,Gidget
668,286,West of Memphis
2535,287,"Seventh Continent, The (Der siebente Kontinent)"
2335,288,Eegah
762,289,Tiresia
2509,290,On the Town
72,291,Legionnaire
2333,292,Immensee
1688,293,Insurgent
2996,294,Someone to Watch Over Me
2727,295,"Factory, The"
178,296,"Ugly, The"
951,297,Holiday Affair
1016,298,Cinema Verite
1095,299,Paternity
563,300,Anger Management
1744,301,Poetic Justice
431,302,Paying the Price: Killing the Children of Iraq
360,303,My Ain Folk
628,304,Such Is Life (Así es la vida...)
943,305,"Sheltering Sky, The"
731,306,Berta's Motives (Los motivos de Berta: Fantasía de Pubertad)
2473,307,"Treasure Hunter, The (Ci ling)"
1142,308,Zig Zag
2815,309,Long John Silver
2863,310,Bio Zombie (Sun faa sau si)
91,311,"Boondock Saints II: All Saints Day, The"
1698,312,Dragon ball Z 04: Lord Slug
1254,313,"Hard Man, The"
505,314,Conspiracy
1828,315,Survival Island (Three)
818,316,Pathfinder
1483,317,Foreign Intrigue
829,318,Damn the Defiant! (H.M.S. Defiant)
308,319,Donner Pass
2579,320,Born in East L.A.
2218,321,Chinese Zodiac (Armour of God III) (CZ12)
2469,322,Four Sided Triangle
2735,323,Party Monster
2943,324,"All Together, The"
2841,325,Citizen Ruth
2095,326,Border Incident
2661,327,Normal Life
2164,328,Three on a Match
2591,329,Avanti!
2851,330,What Have You Done to Solange?
707,331,"When I Grow Up, I'll Be a Kangaroo (Kad porastem bicu Kengur)"
2630,332,What If
1922,333,"Eyes of Tammy Faye, The"
1945,334,Off the Menu: The Last Days of Chasen's
1597,335,Inquire Within
2827,336,Once Were Warriors
537,337,Thirteen Women
193,338,Dracula
2880,339,Whity
198,340,"300 Spartans, The"
1835,341,Sharpay's Fabulous Adventure
1946,342,Adoration
1826,343,Motivational Growth
2436,344,October Baby
2049,345,Girls Against Boys 
2175,346,Killer Crocodile
2756,347,Brain Dead
2063,348,Ice Castles
2768,349,No and Me (No et moi)
1413,350,"Henry IV, Part II (Second Part of King Henry the Fourth, including his death and the coronation of King Henry the Fifth, The)"
2694,351,Top Five
1788,352,Neverland
180,353,Porky's
58,354,Jagged Edge
1877,355,Pahat pojat
1702,356,"Halloween Tree, The"
1962,357,Party Monster
2271,358,I Am Curious (Yellow) (Jag är nyfiken - en film i gult)
391,359,Alexandra (Aleksandra)
2142,360,Gore Vidal: The United States of Amnesia
808,361,Boiler Room
333,362,We Are What We Are (Somos lo que hay)
2961,363,I Want You
1715,364,Fugly!
1479,365,"Robinson Crusoe (Adventures of Robinson Crusoe, The)"
1325,366,"Genova (Summer in Genoa, A)"
1400,367,To Die For
1617,368,Han Gong-ju
2269,369,Skin Game
1511,370,Sweet Bird of Youth
1138,371,Wanderers
352,372,Which Way Is the Front Line From Here?  The Life and Time of Tim Hetherington
1045,373,Breakaway (Speedy Singhs)
418,374,Bis zum Ellenbogen
2375,375,Hell Is for Heroes
908,376,"Year My Parents Went on Vacation, The (O Ano em Que Meus Pais Saíram de Férias)"
244,377,"Father of My Children, The (Le père de mes enfants)"
2457,378,Tenebre
39,379,Paradise Lost 2: Revelations
2203,380,"Turning Point, The"
2939,381,Winter in Wartime
2644,382,"Girl, The"
2567,383,Who Am I? (Wo shi shei)
2496,384,Scavenger Hunt
2462,385,Dracula
2792,386,Blood into Wine
134,387,King Solomon's Mines
106,388,"Ranma ½: Big Trouble in Nekonron, China (Ranma ½: Chûgoku Nekonron daikessen! Okite yaburi no gekitô hen)"
2853,389,Son of the White Mare
272,390,Assassination on the Tiber
2242,391,"Exorcist III, The"
2302,392,Boiling Point (3-4 x jûgatsu)
1095,393,Pokémon the Movie: Black - Victini and Reshiram
2847,394,Social Genocide (Memoria del saqueo)
988,395,Moonraker
1111,396,Quicksilver Highway
1241,397,Foxy Brown
1227,398,Alive and Ticking (Ein Tick anders)
1545,399,The Hearts of Age
344,400,Pornorama
1423,401,Keep the River on Your Right: A Modern Cannibal Tale
1698,402,"8 Diagram Pole Fighter, The (a.k.a. Invincible Pole Fighter) (Wu Lang ba gua gun)"
1042,403,Garden Party
2479,404,New York Minute
723,405,"2013 Rock and Roll Hall of Fame Induction Ceremony, The"
344,406,A Night in the Show
2177,407,"Thank You, Mr. Moto"
874,408,The Wait
621,409,Nantucket Film Festival's Comedy Roundtable
1452,410,Benji
2270,411,Messages Deleted
2020,412,King Kong vs. Godzilla (Kingukongu tai Gojira)
1775,413,Marilyn in Manhattan
2434,414,Joe Gould's Secret
235,415,Swamp Water
2617,416,"Glenn, the Flying Robot"
863,417,Ivory Tower
1426,418,Trapped Ashes
1102,419,Dikkenek
323,420,Autómata (Automata)
2249,421,"Scarlet Letter, The"
2244,422,Alice in Wonderland
1194,423,Children Underground
2210,424,Scooby-Doo! Abracadabra-Doo
1968,425,Luck by Chance
3,426,"Thing from Another World, The"
2354,427,Heaven
1104,428,Fun with Dick and Jane
245,429,Easy Street
1059,430,You Only Live Once
304,431,Pittsburgh
878,432,"Lawless Breed, The"
1430,433,Between the Sheets (Entre Lençóis)
356,434,Lamerica
2168,435,So Much Water
2343,436,The Gallant Hours
2094,437,Confidence Girl
1894,438,Broken Vessels
174,439,"Philadelphia Experiment, The"
2824,440,Mall
1701,441,"39 Steps, The"
1184,442,Visions of Europe
1420,443,Guyana Tragedy: The Story of Jim Jones
527,444,Zone Troopers
842,445,Hot Pursuit
2391,446,Sons of Perdition
1023,447,"Recruiter, The"
231,448,Zatoichi Meets Yojimbo (Zatôichi to Yôjinbô) (Zatôichi 20)
621,449,Sabah
2415,450,Wilder Napalm
463,451,"Millionaire for Christy, A (Golden Goose) (No Room for the Groom)"
2943,452,"Iron Rose, The (Rose de fer, La)"
473,453,Monkey Business
186,454,Glen or Glenda
1258,455,Carolina Moon
316,456,Tammy
2623,457,Heaven's Prisoners
402,458,Schwestern
205,459,EuroTrip
2318,460,Alcina
2689,461,Opposite Day
2969,462,Adventureland
2826,463,"Man in the White Suit, The"
2238,464,Forces of Nature
2890,465,"Omega Man, The"
2529,466,Sgt. Pepper's Lonely Hearts Club Band
2892,467,"Wise Kids, The"
2261,468,Otis
273,469,Helen
2682,470,Halloween 4: The Return of Michael Myers
928,471,Eddie Izzard: Glorious
2967,472,"Jacket, The"
1108,473,Two-Lane Blacktop
1355,474,Everyday People
628,475,Agata and the Storm (Agata e la tempesta)
23,476,Teknolust
1729,477,Seance (Kôrei)
2400,478,Win Win
2371,479,Class of 1984
2370,480,Claire Dolan
374,481,Rope
1919,482,Thawing Out (La fonte des neiges) 
1466,483,Booker's Place: A Mississippi Story
1263,484,Lady Chatterley's Lover
1928,485,Lookin' to Get Out
1011,486,Half Moon Street
73,487,Is Paris Burning? (Paris brûle-t-il?)
443,488,Back in Business
2803,489,EuroTrip
2505,490,Halloween II
2530,491,Company of Heroes
1664,492,Tomorrow Never Dies
1644,493,Prison Break: The Final Break
2072,494,Dragon Age: Blood mage no seisen (a.k.a. Dragon Age: Dawn of the Seeker)
1414,495,Drive-In Horrorshow
1967,496,Panic
938,497,The Incident
1357,498,Missing
777,499,Right America: Feeling Wronged - Some Voices from the Campaign Trail 
2286,500,"Trip, The"
1464,501,The Mayor of Casterbridge
1472,502,"Karate Kid, Part III, The"
1283,503,"Man Called Adam, A"
800,504,Four Days in July
1201,505,Dear John
1188,506,Love Loves Coincidences
2244,507,Arthur Newman
2293,508,Land of the Blind
1427,509,Lost in the Desert
592,510,Carnosaur 2
2792,511,"Ear, The (Ucho)"
1650,512,"Serpent's Egg, The (Schlangenei, Das)"
308,513,Agent Red
2574,514,The Last Five Years
1607,515,Fritz the Cat
2322,516,Incident at Loch Ness
1932,517,Dragon Ball Z: Wrath of the Dragon (Doragon bôru Z 13: Ryûken bakuhatsu!! Gokû ga yaraneba dare ga yaru)
1718,518,"Sunday in the Country, A (Un dimanche à la campagne)"
669,519,Shanks
2718,520,Havana
1637,521,Highball
1362,522,Yes Man
499,523,Money as Debt
1303,524,Planes: Fire & Rescue
86,525,Pet Sematary
905,526,Asfour Stah
1540,527,Vacancy
2210,528,"Claymation Christmas Celebration, A"
29,529,Crazy Love (a.k.a. Love Is a Dog from Hell)
2119,530,"New Kind of Love, A"
1215,531,"Deux mondes, Les"
2320,532,Bad Company
1969,533,One in the Chamber
2825,534,Ulysses' Gaze (To Vlemma tou Odyssea)
9,535,"Last Exorcism Part II, The"
2066,536,Black Cloud
1681,537,Day of the Dead
1554,538,How to Steal a Million
720,539,Time of Roses (Ruusujen aika)
144,540,Eden of the East the Movie I: The King of Eden (Higashi no Eden Gekijoban)
899,541,The Shoe
1226,542,Call Me Crazy: A Five Film
1616,543,Smilla's Sense of Snow
331,544,Don't Deliver Us from Evil (Mais ne nous délivrez pas du mal)
45,545,21 and Over
815,546,Thinner
619,547,Shadows Over Chinatown
1054,548,Pan Tadeusz: The Last Foray in Lithuania (Pan Tadeusz)
1749,549,Sixteen Candles
1487,550,Saint (Sint)
147,551,The Land Before Time VI: The Secret of Saurus Rock
1215,552,Kira's Reason: A Love Story (En Kærlighedshistorie)
1495,553,Purple Violets
234,554,Can't Stop the Music
1106,555,"Navigator, The"
1086,556,Stolen Summer
47,557,Toothless
2953,558,Blue in the Face
2693,559,YellowBrickRoad
1117,560,"Dolce Vita, La"
1153,561,Angels Fall
1884,562,"Intruder, The"
1909,563,Hatchet III
589,564,Joffrey: Mavericks of American Dance
473,565,"Return to Salem's Lot, A"
2839,566,"Man, Woman and the Wall (Kikareta onna no mirareta yoru)"
223,567,Best Friends
675,568,Fantasia
483,569,Blackwoods
46,570,Happy Birthday to Me
2171,571,White Night Wedding (Brúðguminn)
1153,572,Hell (L'enfer)
1853,573,Don't Deliver Us from Evil (Mais ne nous délivrez pas du mal)
1916,574,Bill Bailey: Tinselworm
803,575,American Dreamz
2032,576,"Asphalt Jungle, The"
2474,577,"Honest Liar, An"
2574,578,Police Academy 5: Assignment: Miami Beach
2076,579,Rapt
2386,580,Invisible Ghost
1461,581,Crane World (Mundo grúa)
1832,582,Unconscious (Inconscientes)
1944,583,Masti
2367,584,French Connection II
299,585,Iron Monkey (Siu nin Wong Fei-hung ji: Tit Ma Lau)
2659,586,Ride Along
2881,587,Playground
1674,588,Una Noche
2596,589,Death in Buenos Aires (Muerte en Buenos Aires)
2015,590,Father's Little Dividend
2421,591,What a Way to Go!
1008,592,"Verdict, The"
626,593,Puncture
1174,594,A Most Violent Year
2250,595,"Broken Hearts Club, The"
2332,596,Way Down East
2838,597,"Demon in My View, A (Der Mann nebenan)"
2422,598,"Secret Life of Words, The"
878,599,Off Beat
2055,600,Sons of the Desert
199,601,Revenge of the Electric Car
1936,602,Then I Sentenced Them All to Death (Atunci i-am condamnat pe toti la moarte)
1023,603,Tombs of the Blind Dead (La noche del terror ciego)
2682,604,Never Again
1433,605,"Independent, The"
2538,606,Here Comes Peter Cottontail 
1768,607,Paz!
2835,608,I Can Get It for You Wholesale
2818,609,Tango Kabaree
1890,610,She's Out of Control
2968,611,Walk Like a Man
2736,612,U.S. Marshals
2252,613,Listy do M.
663,614,Red Doors
145,615,Ratatouille
1679,616,Rampage
2676,617,"Tree of Wooden Clogs, The (L'albero degli zoccoli)"
2908,618,Beyond the Walls (Hors les murs)
611,619,Never on Sunday (Pote tin Kyriaki)
1230,620,"Big Bang Love, Juvenile A (46-okunen no koi)"
1225,621,Anaconda
570,622,"Cucaracha, La"
957,623,Silent Movie
335,624,Wonderful and Loved by All (Underbar och älskad av alla)
243,625,PressPausePlay
2110,626,"Ennui, L'"
2100,627,We Are What We Are
1588,628,Prometheus
2441,629,13Hrs
1413,630,Sassy Pants
861,631,Thurgood
1688,632,Keith
575,633,Hangtime - Kein leichtes Spiel
1044,634,Dead or Alive 2: Tôbôsha
2662,635,"Equalizer, The"
1711,636,Haunted
1481,637,American Gun
972,638,Pumpkin
607,639,"Wonderful Crook, The (Pas si méchant que ça)"
744,640,"Street Fighter, The (Gekitotsu! Satsujin ken)"
1748,641,Safe Sex
1132,642,Kummeli Stories
541,643,"Change-Up, The"
1194,644,"Squaw Man, The"
548,645,Belphecor: Curse of the Mummy (Belphégor - Le fantôme du Louvre)
2009,646,"Truth About Cats & Dogs, The"
447,647,An Empress and the Warriors
1026,648,Sabrina
729,649,"Big Hangover, The"
118,650,Barbarian Queen
1885,651,Russendisko
1501,652,Volcano
319,653,"Frankenstein Syndrome, The"
2775,654,Galaxy Express 999 (Ginga tetsudô Three-Nine)
181,655,From Noon Till Three
2107,656,Dead in Tombstone
2134,657,The Forbidden Room
212,658,McCullin
2973,659,Klute
1919,660,Branded
2416,661,And While We Were Here
1168,662,Closely Watched Trains (Ostre sledované vlaky)
2014,663,"Darwin Awards, The"
1205,664,Wyatt Earp
538,665,Twelve Monkeys (a.k.a. 12 Monkeys)
2392,666,Madame Satã
2097,667,Britannia Hospital
18,668,Killer Joe
2113,669,Devil Girl From Mars
2911,670,Beer for My Horses
975,671,Beyond the Lights
967,672,Ulysses' Gaze (To Vlemma tou Odyssea)
2656,673,"Final Conflict, The (a.k.a. Omen III: The Final Conflict)"
1565,674,Cold Around the Heart
2976,675,White Bird in a Blizzard
2662,676,"Pickle, The"
2438,677,Bringing Down the House
1763,678,Bloodsucking Freaks
1308,679,Tar
2868,680,"Mosquito Coast, The"
565,681,Who Killed Vincent Chin?
2833,682,Taken
133,683,The Periwig-Maker
936,684,And When Did You Last See Your Father?
1041,685,"Fantasticks, The"
2059,686,Always
1764,687,Hercules
921,688,The Great Raid
2369,689,"Colonel Chabert, Le"
2929,690,One Husband Too Many
1391,691,Brother Orchid
535,692,"Midnight Meat Train, The"
1622,693,Side Effects
2390,694,"Legend of Bagger Vance, The"
1098,695,Address Unknown (Suchwiin bulmyeong)
2738,696,Problem Child
857,697,Hôtel des Invalides
109,698,"Million Dollar Hotel, The"
309,699,"Leopard Man, The"
710,700,In Fear
614,701,MC5: Kick Out the Jams
124,702,Fortress 2
2782,703,"Nibelungen: Siegfried, Die"
2533,704,"Sunday Day in Hell, A (En forårsdag i Helvede)"
1259,705,Comedy Central Roast of Bob Saget
935,706,End of the Spear
539,707,"Chinese Ghost Story II, A (Sien nui yau wan II yan gaan do)"
2426,708,Celestial Wives of the Meadow Mari (Nebesnye zheny lugovykh mari)
345,709,On the Threshold (Lars i porten)
2942,710,Ghost Town
1193,711,"Rock, Paper, Scissors: The Way of the Tosser"
1225,712,"Substitute, The (Vikaren)"
1067,713,Doppelganger (Dopperugengâ)
863,714,Twist
1590,715,The UFO Incident
20,716,Burn After Reading
1809,717,"Super Cops, The"
302,718,Maps to the Stars
1588,719,Kuffs
2174,720,"Last Movie, The"
1145,721,"Champ, The"
2868,722,Vuonna 85
1661,723,House of the Rising Sun
1300,724,Spinning Boris
2641,725,"Ritz, The"
288,726,Killers
1021,727,"Goddess, The (Shen nu)"
2114,728,"Naked Kiss, The"
786,729,My Man Godfrey
2174,730,Disclosure
805,731,Stomp the Yard
892,732,Torrente 2: Misión Marbella
2917,733,"Invisible Man, The"
2673,734,Maybe Baby
2800,735,"People That Time Forgot, The"
2533,736,Stray Cat Rock: Sex Hunter (Nora-neko rokku: Sekkusu hanta)
839,737,Cimarron
1468,738,Tennessee Johnson
2786,739,Zaza
1961,740,Xtro 3: Watch the Skies
2244,741,Assassination of a High School President
1209,742,Grateful Dawg
878,743,Billabong Odyssey
2006,744,Birth
1245,745,Lorenzo's Oil
2629,746,Forever Strong
867,747,Blue Skies
1812,748,Some Like It Hot
312,749,Son of the Mask
1606,750,Selena
2286,751,"Prophecy II, The"
2164,752,Breezy
2091,753,Welcome Mr. Marshall (Bienvenido Mister Marshall)
1354,754,First on the Moon (Pervye na Lune)
729,755,Asier ETA biok
2860,756,Doppelganger
1462,757,"Relic, The"
200,758,"Last Wave, The"
2453,759,Angels in the Outfield
336,760,Hope Springs
731,761,Jonah Who Will Be 25 in the Year 2000 (Jonas qui aura 25 ans en l'an 2000)
2718,762,"Mr. Death: The Rise and Fall of Fred A. Leuchter, Jr."
1101,763,They Call Us Misfits (Dom kallar oss mods)
1955,764,Cowboy del Amor
2156,765,Kiss or Kill
243,766,Falling Up
1758,767,Dark Alibi
2602,768,"Luck, Trust & Ketchup: Robert Altman in Carver Country"
772,769,Hidden Agenda
965,770,Zatoichi Challenged (Zatôichi chikemuri kaidô) (Zatôichi 17)
67,771,Grand Theft Auto
1830,772,Ordinary People
500,773,Alice Upside Down (Alice)
1740,774,Underneath
12,775,Serenity
324,776,Shaolin (Xin shao lin si)
2667,777,Madame Bovary
1543,778,Otaku
1595,779,Rob the Mob
396,780,Codebreaker
2091,781,"Edge, The (Kray)"
1698,782,Vegas Vacation (National Lampoon's Las Vegas Vacation)
1822,783,Fathers' Day
1505,784,Take Me Out to the Ball Game
2786,785,Nude for Satan (Nuda per Satana)
956,786,Elephant Boy
2570,787,Where Are My Children?
926,788,"Eel, The (Unagi)"
1758,789,Flesh for Frankenstein (a.k.a. Andy Warhol's Frankenstein)
1790,790,Waterloo Bridge
2042,791,Unfaithfully Yours
44,792,Who Killed Vincent Chin?
455,793,CB4 - The Movie
852,794,Rapado
518,795,"Heart Is Deceitful Above All Things, The"
1636,796,Dudley Do-Right
2656,797,Igor
1880,798,Sombre
1179,799,Private Romeo
1738,800,Between the Devil and the Deep Blue Sea
2503,801,Rooster's Breakfast (Petelinji zajtrk)
810,802,"Thompsons, The"
1513,803,"Last Rites of Joe May, The"
2615,804,Chains (Catene)
1791,805,True Stories
572,806,"Heaven Knows, Mr. Allison"
2539,807,Naked Ambition: An R Rated Look at an X Rated Industry 
251,808,Tropico
146,809,Subspecies
944,810,Double Happiness
2354,811,"Plaisir, Le"
1062,812,Pastoral Hide and Seek (Den-en ni shisu)
2355,813,"Jimmy Rosenberg: The Father, the Son & the Talent"
1099,814,Frenchmen (Le coeur des hommes)
2826,815,"Exorcism of Emily Rose, The"
42,816,Ladies vs. Ricky Bahl
1291,817,Confidential Report
978,818,"Blackbeard, the Pirate"
521,819,Blonde Venus
2883,820,Tales of Ordinary Madness (Storie di Ordinaria Follia)
1529,821,Up in Arms
1581,822,Black Field
950,823,Tobor the Great
231,824,Critters 4
2942,825,Criminal
502,826,Parking (Ting che)
219,827,Judge Priest
1889,828,No Good Deed
958,829,Lost and Delirious
136,830,Madagascar Skin
1607,831,Grouse
1292,832,Journey for Margaret
860,833,Paradise: Hope (Paradies: Hoffnung)
1280,834,Brink of Life (Nära livet)
1401,835,Trinity and Beyond
2670,836,"Rita, Sue and Bob Too!"
473,837,Wieners
2817,838,Phenomenon
2400,839,"Dove, The"
2135,840,"Evil That Men Do, The"
878,841,Passion
1923,842,Henry Poole is Here
1591,843,Supercondriaque
21,844,Under the Age
1169,845,Sacco and Vanzetti (Sacco e Vanzetti)
2062,846,Rashomon (Rashômon)
2561,847,Something Real and Good
1003,848,"Scarecrow, The"
448,849,Taqwacore: The Birth of Punk Islam
1848,850,Shanghai Knights
1649,851,"Private Life of Henry VIII, The"
1363,852,William Shakespeare's Romeo + Juliet
1806,853,Inside
235,854,Kvarteret Skatan reser till Laholm
123,855,Father of the Bride Part II
1623,856,Unconscious (Inconscientes)
1236,857,Dallas Buyers Club
1659,858,Black Cloud
1646,859,All About Lily Chou-Chou (Riri Shushu no subete)
2821,860,"Illusionist, The (L'illusionniste)"
1320,861,"Emergency Escape, The (Wyjscie awaryjne)"
2960,862,Age of Tomorrow
1229,863,Seopyeonje
258,864,Independencia
733,865,My Afternoons with Margueritte (La tête en friche)
737,866,Deathdream (a.k.a. Dead of Night)
858,867,Basic Instinct 2
872,868,Il cappotto di legno
2735,869,Beneath Hill 60
706,870,The Student
2052,871,Alexander
960,872,"What to Do in Case of Fire (Was tun, wenn's brennt?)"
1685,873,Witch Way Love (Un amour de sorcière)
2161,874,Batman
1165,875,Shamus
2759,876,Map of the Human Heart
2288,877,Satisfaction (a.k.a. Girls of Summer)
452,878,Side by Side
2132,879,Dead Men Don't Wear Plaid
1586,880,"Badlanders, The"
2664,881,The Siege of Firebase Gloria
445,882,Carbon Copy
1427,883,Samurai Assassin (Samurai)
2305,884,The Cabin in the Cotton
1850,885,"Fairly Odd Movie: Grow Up, Timmy Turner!, A"
1940,886,Moomins on the Riviera (Muumit Rivieralla)
1782,887,Last Stop for Paul
583,888,Nadja
2801,889,Ninja
2952,890,Hits
2239,891,"Search, The"
152,892,Lisa Picard is Famous (a.k.a. Famous)
1234,893,Cyclomania
1760,894,Mademoiselle
1680,895,C.H.U.D. II - Bud the Chud
1754,896,We're No Angels
674,897,Skinwalkers
2559,898,What Price Hollywood?
2857,899,Here Comes the Boom
2066,900,Apartment 1303 3D
1110,901,Leprechaun: Origins
2367,902,Setup (Set Up)
2397,903,Cool as Ice
2284,904,Invisible Stripes
511,905,"Reeds, The"
2218,906,Boys Don't Cry (Chlopaki nie placza)
1399,907,Easy Money 2 (Snabba cash II)
757,908,House of Strangers
2489,909,"Star Is Born, A"
2376,910,Fifty Pills
2969,911,Biutiful
1295,912,Babette's Feast (Babettes gæstebud)
575,913,"Man Who Quit Smoking, The (Mannen som slutade röka)"
1307,914,Dorian Gray
1045,915,"Letter From Death Row, A"
2292,916,Life After Tomorrow
910,917,Ballou
1085,918,Disconnect
1145,919,Gettysburg
2948,920,Visitor to a Museum (Posetitel muzeya)
572,921,Ice Age Columbus: Who Were the First Americans?
1893,922,Dead Genesis
256,923,Fox and His Friends (Faustrecht der Freiheit)
2064,924,Brighton Rock
790,925,Starflight: The Plane That Couldn't Land
392,926,"Loved One, The"
1689,927,16 Years of Alcohol
2200,928,Old Men in New Cars (Gamle mænd i nye biler)
549,929,Holy Flame of the Martial World (Wu lin sheng huo jin)
433,930,"Happy, Texas"
2230,931,The Beehive
2420,932,Tai Chi Master (Twin Warriors) (Tai ji: Zhang San Feng)
2394,933,Battle for Haditha
2456,934,"Dexter the Dragon & Bumble the Bear (a.k.a. Dragon That Wasn't (Or Was He?), The) (Als je begrijpt wat ik bedoel)"
111,935,Blessed Event
2692,936,Mimic 2
838,937,Jim Breuer: And Laughter for All
2056,938,How to Be
2058,939,Scooby-Doo
953,940,Motel Hell
2293,941,Fetching Cody
170,942,Showrunners: The Art of Running a TV Show
227,943,Beaver Trilogy Part IV
1754,944,A.K.
520,945,Alexandra (Aleksandra)
1369,946,Love Liza
147,947,Charlie Chan in Egypt
1660,948,Five
376,949,Spanking the Monkey
2917,950,Sudden Impact
2705,951,Bye Bye Brazil (Bye Bye Brasil)
2787,952,Out of the Ashes
2036,953,Isadora
288,954,Miss Kicki
991,955,Andrew Dice Clay: Indestructible
212,956,"Go-Between, The"
856,957,Why Does Herr R. Run Amok? (Warum läuft Herr R. Amok?)
1678,958,Warning Shadows (Schatten - Eine nächtliche Halluzination)
796,959,"Absent-Minded Professor, The"
493,960,Penelope
1538,961,Dot and the Whale
2447,962,Gaby: A True Story
2588,963,Time to Kill (Tempo di uccidere)
2766,964,Mars Needs Moms
2134,965,"Kidnapping of the President, The"
1970,966,12 Rounds 2: Reloaded
2568,967,Lilla Jönssonligan på styva linan
23,968,"Devil and Miss Jones, The"
2989,969,Outsider
458,970,"Tomb, The"
1096,971,"Adventures of Prince Achmed, The (Abenteuer des Prinzen Achmed, Die)"
1389,972,In the Year of the Pig
1252,973,Left Luggage
704,974,Stricken (Er komt een vrouw bij de dokter)
2109,975,Burn Up!
508,976,Sex & the Other Man
356,977,"Beautiful Life, A"
1553,978,The Testimony
1902,979,Must Read After My Death
1980,980,X-Men Origins: Wolverine
202,981,Carpool
1140,982,Mr. Moto's Last Warning
684,983,Happy Tears
1991,984,I Am Comic
1594,985,Village of the Damned
2402,986,Down Periscope
2819,987,Gayby
462,988,Caught Up
338,989,The Message
1598,990,Intruder in the Dust
1979,991,Married to It
1155,992,Tyler Perry's The Single Moms Club
2262,993,Filth
1493,994,In the City (En la ciudad)
787,995,"Short Film About Love, A (Krótki film o milosci)"
2372,996,"Parent Trap, The"
392,997,eXistenZ
2558,998,Elfie Hopkins: Cannibal Hunter
912,999,Eternally Yours
2740,1000,Americano
1780,1001,Dracula 2000
1461,1002,Billy Liar
1964,1003,Beyond Borders
8,1004,Reincarnation
693,1005,Charlie Chan at the Olympics
2665,1006,Better Luck Tomorrow
2837,1007,Women of the Night (Yoru no onnatachi)
1250,1008,Desert Winds
1901,1009,Making the Boys 
1588,1010,Gunfighter's Moon
2655,1011,Elf
1987,1012,"Truce, The (a.k.a. La Tregua)"
2633,1013,Tonight and Every Night
2665,1014,"Tomb, The"
2094,1015,Winnetou: The Last Shot
463,1016,Sangre de mi sangre (Padre Nuestro)
459,1017,Pretty Devils
826,1018,Three Days of the Condor (3 Days of the Condor)
2461,1019,After the Rain (Ame agaru) 
2809,1020,Hansel & Gretel
2795,1021,Side Effects
1542,1022,First Men in the Moon
426,1023,King Kong
802,1024,"Fond Kiss, A (Ae Fond Kiss...)"
1375,1025,Hell Is Sold Out
2770,1026,"Big Day, The (We Met on the Vineyard)"
282,1027,Hide Your Smiling Faces
966,1028,Sweeney Todd: The Demon Barber of Fleet Street
918,1029,Cry-Baby
460,1030,Knockout
606,1031,Pacific Heights
2327,1032,Mission: Impossible
42,1033,Shepherd
2742,1034,Sphere
1387,1035,Bullets Don't Argue
1683,1036,My Favorite Martian
2782,1037,The Package
1032,1038,Partners
1332,1039,All About Steve
2454,1040,Welcome to Dongmakgol
427,1041,Disorderlies
132,1042,Neon Flesh (Carne de neón)
1494,1043,Strange Brew
2354,1044,Irina Palm
597,1045,The Invitation
1248,1046,Freedom
787,1047,Liberty Stands Still
738,1048,Rage in Heaven
9,1049,"Bishop's Wife, The"
2127,1050,En på miljonen
2728,1051,Division III: Football's Finest
299,1052,Moonlight and Valentino
1945,1053,Journey for Margaret
751,1054,O.C. and Stiggs
526,1055,Under the Yum Yum Tree
1008,1056,Eyes Wide Open (Einayim Petukhoth)
335,1057,All the Fine Young Cannibals
662,1058,Take Aim at the Police Van (Sono gosôsha wo nerae: 'Jûsangô taihisen' yori)
268,1059,Just Looking
2871,1060,"Man Who Couldn't Say No, The (Mies joka ei osannut sanoa EI)"
2064,1061,Shirley Valentine
2580,1062,Bright Star
2374,1063,Mystery Team
1268,1064,"Man of the Year, The (O Homem do Ano)"
992,1065,"Valley of Decision, The"
605,1066,See You Next Tuesday
1992,1067,Resistance
2636,1068,Mid-August Lunch (Pranzo di ferragosto)
1755,1069,"Cat and the Canary, The"
945,1070,Wings of Honneamise (Ôritsu uchûgun Oneamisu no tsubasa)
758,1071,Topkapi
2867,1072,"Mattei Affair, The (Il caso Mattei)"
2500,1073,"Muppet Musicians of Bremen, The"
2692,1074,Half Moon Street
217,1075,Skhizein
2113,1076,"Guest, The"
2291,1077,"Red Spectacles, The (Jigoku no banken: akai megane)"
84,1078,Playing God
1904,1079,Manon
2379,1080,Benny's Video
1752,1081,School of Rock
782,1082,Mr. Accident
1382,1083,No One Writes to the Colonel (El coronel no tiene quien le escriba)
2543,1084,"Shawshank Redemption, The"
1863,1085,"Milk of Sorrow, The (Teta asustada, La)"
369,1086,Selma
2496,1087,Woyzeck
2586,1088,Road to Rio
269,1089,Shooter
2040,1090,"Flight That Fought Back, The"
2432,1091,The Spectacular Now
2719,1092,"Girl of Your Dreams, The (Niña de tus ojos, La)"
472,1093,Triage
410,1094,You're Telling Me!
507,1095,Dr. Wai in the Scriptures with No Words (Mao xian wang)
320,1096,Garden Party
2683,1097,"Last Emperor, The"
543,1098,"Art of the Steal, The"
2592,1099,"Count Dracula (Nachts, wenn Dracula erwacht)"
2436,1100,Guardians of the Galaxy
2101,1101,"Keeper, The"
2424,1102,Onechanbara - Zombie Bikini Squad (a.k.a. Oneechanbara: The Movie)
2969,1103,Genocide (Konchû daisensô)
2676,1104,Asylum
2826,1105,Aspen
1517,1106,Clue
279,1107,Proof of Life
1570,1108,"Duchess of Langeais, The (a.k.a. Don't Touch the Axe) (Ne touchez pas la hache)"
586,1109,The Gamma People
2903,1110,Noah's Ark
2381,1111,Gotcha!
2241,1112,The Karen Carpenter Story
2115,1113,Rasputin
1505,1114,"Scenic Route, The"
2523,1115,Girl of the Golden West
627,1116,The Lazarus Effect
1977,1117,"Anarchist Cookbook, The"
1547,1118,Elsa & Fred
1445,1119,The Dark Valley
1036,1120,Just Imagine
2644,1121,Coonskin
1032,1122,Bad Boys
2592,1123,Strange Magic
1007,1124,"Dreamlife of Angels, The (Vie rêvée des anges, La)"
2112,1125,Forgiven
1120,1126,Blackmail
446,1127,My Voyage to Italy (Il mio viaggio in Italia)
2673,1128,Stereo
570,1129,Pawn Shop Chronicles
840,1130,"Journey, The"
2102,1131,"Man from Planet X, The"
1074,1132,Sex and Lucia (Lucía y el sexo)
881,1133,Last Days
2350,1134,Zebrahead
2744,1135,13 Going on 30
1782,1136,Unstoppable
2071,1137,Beast from Haunted Cave
118,1138,Wild Bill
2418,1139,Marlene Dietrich: Shadow and Light
1169,1140,Oki's Movie (Ok-hui-ui yeonghwa)
781,1141,Half Moon (a.k.a. Niwemang)
621,1142,Visitor Q (Bizita Q)
2633,1143,Gunfight at the O.K. Corral
1245,1144,Last Vegas
1880,1145,Addicted to Love
2156,1146,"Patsy, The"
2843,1147,Sita Sings the Blues
1624,1148,Tyler Perry's A Madea Christmas
2624,1149,Ill Manors
661,1150,Arrowsmith
2493,1151,Lucky Break (a.k.a. Paperback Romance)
1875,1152,Chinese Roulette (Chinesisches Roulette)
80,1153,Lullaby
429,1154,"Happenstance (Battement d'ailes du papillon, Le)"
257,1155,"Anna Nicole (Anna Nicole Smith Story, The)"
2417,1156,Hardball
254,1157,Jack the Ripper
2288,1158,"Simple Plan, A"
2235,1159,Robot Monster
2942,1160,That Old Feeling
2786,1161,Zatoichi at Large (Zatôichi goyô-tabi) (Zatôichi 23)
667,1162,Jack Frost 2: Revenge of the Mutant Killer Snowman
4,1163,Phantom
2640,1164,Tough Enough (Knallhart)
1250,1165,Such a Long Journey
1840,1166,"Criminal, The (a.k.a. Concrete Jungle)"
664,1167,Punk in London
1316,1168,Resident Evil: Retribution
683,1169,Chiko
550,1170,"Age of Innocence, The"
147,1171,Teenage Mutant Ninja Turtles
335,1172,Kira's Reason: A Love Story (En Kærlighedshistorie)
303,1173,Jubilee
1949,1174,Five and Ten
960,1175,Strange Wilderness
2331,1176,"Pure Formality, A (Pura formalità, Una)"
1847,1177,Torso
1896,1178,Brief Crossing (Brève traversée)
1883,1179,Russian Doll
1641,1180,'Neath the Arizona Skies
1280,1181,Casper's Haunted Christmas
168,1182,Barefoot in the Park
1666,1183,Back to the Future Part III
451,1184,"Day a Pig Fell Into the Well, The (Daijiga umule pajinnal)"
2487,1185,"Old Man and the Sea, The"
940,1186,"Cosmonaut, The"
2340,1187,Trail of the Screaming Forehead
1955,1188,"Hawaii, Oslo"
795,1189,Robot
2235,1190,Me Without You
2693,1191,The Tunnel of Love
320,1192,Life During Wartime
1787,1193,"Starving Games, The"
2816,1194,Invisible Stripes
2334,1195,Parasite
2990,1196,Puppet Master 5: The Final Chapter
1907,1197,Leviathan
110,1198,"Oil, the Baby and the Transylvanians, The (Pruncul, petrolul si Ardelenii)"
2099,1199,Mary Shelley's Frankenstein (Frankenstein)
717,1200,"Ascent of Money, The"
2882,1201,Monsturd
781,1202,"One and Only, The (Eneste ene, Den)"
388,1203,Hearts Divided
2050,1204,Downhill
2138,1205,"Strange Love of Martha Ivers, The"
592,1206,Fixed Bayonets!
1358,1207,It's Impossible to Learn to Plow by Reading Books
1674,1208,Hearts of the West
1152,1209,Peyton Place
1598,1210,Jennifer's Body
2419,1211,Murphy's Romance
2919,1212,I Like Killing Flies
2407,1213,Once Upon a Scoundrel
914,1214,Kitty Foyle
59,1215,"Bell for Adano, A (John Hersey's A Bell for Adano)"
2073,1216,Shock Waves
17,1217,Big Trouble
1290,1218,"Facing Windows (Finestra di fronte, La)"
1867,1219,Quartier Mozart
699,1220,Ringu 2 (Ring 2)
2401,1221,40 Days and 40 Nights
1458,1222,In Vanda's Room (No Quarto da Vanda)
2270,1223,Last Night
741,1224,Secret Ceremony
1732,1225,Neil Young: Human Highway
1802,1226,Rent-A-Cop
1982,1227,"Statue of Liberty, The"
2523,1228,Fanny and Alexander (Fanny och Alexander)
1140,1229,Jackass Number Two
1525,1230,Night Gallery
751,1231,Shaolin Temple 2: Kids from Shaolin (Shao Lin xiao zi) (Kids from Shaolin)
284,1232,Fed Up
1252,1233,Boulevard
712,1234,Ghost World
2877,1235,"Adventures of Priscilla, Queen of the Desert, The"
569,1236,2:37
2603,1237,"Public Eye, The"
1386,1238,Vääpeli Körmy - Taisteluni
156,1239,"Carpetbaggers, The"
1188,1240,Just a Little Harmless Sex
2457,1241,In Custody
959,1242,Lancelot of the Lake (Lancelot du Lac)
2642,1243,DOA: Dead or Alive
2171,1244,"Rain People, The"
312,1245,Escape from L.A.
892,1246,Birth
336,1247,Caesar (Julius Caesar)
1760,1248,Bruna Surfistinha
213,1249,The Gruffalo's Child
2776,1250,"Woman in Red, The"
651,1251,"Irony of Fate, or Enjoy Your Bath! (Ironiya sudby, ili S legkim parom!)"
414,1252,"Sun Also Rises, The"
2837,1253,Putin's Kiss
430,1254,Pulling Strings
1892,1255,Guernica
1226,1256,Weird Woman
1155,1257,Carlito's Way
163,1258,"Short Film About Killing, A (Krótki film o zabijaniu)"
434,1259,Killing Them Softly
350,1260,Greetings
2210,1261,When Ladies Meet
810,1262,Cheap Thrills
1552,1263,"Desperate Hours, The"
775,1264,"Cars That Ate Paris, The"
2420,1265,No
581,1266,Games People Play: New York
1418,1267,"Long Way Down, A"
1147,1268,Grotesque (Gurotesuku)
1783,1269,Ghost Voyage
1818,1270,Foodfight!
1260,1271,Moving Violations
1775,1272,Looking for Palladin
1724,1273,"Birdsong (Cant dels ocells, El)"
1447,1274,Wer
1354,1275,DEFCON: The Documentary
989,1276,"Bear, The (Ours, L')"
1944,1277,Close My Eyes
980,1278,Open Season 3
707,1279,"Bucket of Blood, A (Dark Secrets) (Death Artist, The)"
1592,1280,Bluebeard (Barbe-Bleue)
746,1281,Babylon 5: The Lost Tales - Voices in the Dark
1541,1282,Within Limits (Liikkumavara)
1954,1283,Werner - Das muss kesseln!!!
2191,1284,Outsider
2882,1285,Great Freedom No. 7 (Port of Freedom) (Große Freiheit Nr. 7)
2364,1286,House of D
281,1287,Driven to Kill
2366,1288,Without a Paddle: Nature's Calling
2729,1289,Robin Hood
548,1290,"Brothers Solomon, The"
410,1291,San Antonio
262,1292,Apartment 1303 3D
2984,1293,Cialo
2424,1294,"Mrs. Brown (a.k.a. Her Majesty, Mrs. Brown)"
811,1295,Ernest Goes to Camp
2426,1296,"Messengers, The"
1175,1297,Shakespeare in Love
1419,1298,On the Silver Globe (Na srebrnym globie)
1347,1299,Julie & Julia
2824,1300,"Mirror Has Two Faces, The"
1135,1301,Sazen Tange and the Pot Worth a Million Ryo
1810,1302,Bad Guy (Nabbeun namja)
706,1303,Billy Madison
1238,1304,Amor?
931,1305,Family Law (Derecho de familia)
505,1306,After...
2268,1307,Silkwood
875,1308,Terumae romae (Thermae Romae)
804,1309,"Brady Bunch Movie, The"
544,1310,"Sword in the Stone, The"
1038,1311,In the City (En la ciudad)
585,1312,Fellini: I'm a Born Liar (Fellini: Je Suis um Grand Menteur)
1172,1313,New York in the 50's
2293,1314,Red Dawn
386,1315,"Film with Me in It, A"
2885,1316,My Old Lady
1846,1317,Walk the Line
1494,1318,"Men, The"
2830,1319,"Affair of the Necklace, The"
323,1320,Flow
1871,1321,Atrocious
2663,1322,DysFunktional Family
2424,1323,"Age of Innocence, The"
2256,1324,War Stories
1702,1325,Roadracers
536,1326,That Man from Rio
2708,1327,Parental Guidance
778,1328,Exam
534,1329,"Patsy, The"
2261,1330,Another Chance
1070,1331,"Hijacking, A (Kapringen)"
843,1332,Footnote (Hearat Shulayim)
2576,1333,The Robot vs. the Aztec Mummy
756,1334,Terra (a.k.a. Battle for Terra)
982,1335,Yankee Doodle Dandy
1853,1336,Cinderella II: Dreams Come True
1419,1337,Cartouche
2325,1338,"Seventh Cross, The"
2349,1339,Moontide
2462,1340,Control
2601,1341,H.H. Holmes: America's First Serial Killer
2172,1342,Eaux d'artifice
1724,1343,Alvin and the Chipmunks
2085,1344,Square Dance
1287,1345,Maria Bamford: The Special Special Special!
799,1346,"Woman in Black, The"
1891,1347,Pieta
388,1348,Elsewhere
2429,1349,Sylvia Scarlett
2473,1350,It's Impossible to Learn to Plow by Reading Books
2979,1351,Once Upon a Time in China and America (Wong Fei Hung: Chi sai wik hung see) 
2168,1352,Glory
1992,1353,Black Roses 
1777,1354,Three Worlds (Trois mondes)
178,1355,"Chorus, The (Hamsarayan)"
341,1356,Journey 2: The Mysterious Island
2127,1357,Under the Bombs
698,1358,"Clockwork Orange, A"
1429,1359,Crash
774,1360,Dog Soldiers
2200,1361,Himizu
2613,1362,Bad Dreams
1959,1363,"Abyss, The"
779,1364,"Star, The"
2518,1365,Shadow Boxers
999,1366,Joe Strummer: The Future Is Unwritten
644,1367,My Grandfather's People (Dedemin insanlari)
1501,1368,We Are Legion: The Story of the Hacktivists
362,1369,Underworld: Rise of the Lycans
678,1370,Titanic
1987,1371,"Trap, The (Klopka)"
2095,1372,Todos eran culpables
1308,1373,"Other F Word, The"
1045,1374,"Drive, He Said"
1487,1375,36 fillette
1718,1376,Wallace & Gromit in The Curse of the Were-Rabbit
1309,1377,"Philadelphia Experiment, The"
1504,1378,Fright
799,1379,"Big Squeeze, The"
1629,1380,"Tin Drum, The (Blechtrommel, Die)"
2123,1381,Some Kind of Hero
2869,1382,Open Season
1542,1383,Heavy Metal 2000
2230,1384,"Jitney Elopement, A"
1356,1385,Shirley Valentine
1868,1386,Michael Jackson: Life of a Superstar
1223,1387,"Aries Spears: Hollywood, Look I'm Smiling"
771,1388,Night at the Museum: Secret of the Tomb
2290,1389,The Great Alligator
322,1390,Informant
869,1391,Notes on a Scandal
1109,1392,Death Race 2000
388,1393,Back in the Day
2208,1394,'Twas the Night Before Christmas
12,1395,Funny About Love
2806,1396,"Spy Who Loved Me, The"
1914,1397,Billabong Odyssey
118,1398,Love and Pain and the Whole Damn Thing
295,1399,"Crime of Father Amaro, The (Crimen del padre Amaro, El)"
1705,1400,"Lovely, Still"
348,1401,Desperate Search
53,1402,"Thin Man Goes Home, The"
2943,1403,Midnight Madness
2387,1404,Cleaner
40,1405,"Buccaneer, The"
427,1406,Uncounted: The New Math of American Elections
2796,1407,Where Sleeping Dogs Lie
1267,1408,Independencia
2537,1409,Firstborn
1745,1410,Mona Lisa Smile
2015,1411,Evolution
1919,1412,Beyond All Boundaries
894,1413,"Clown, The"
756,1414,Loner (Woetoli)
833,1415,"Bête humaine, La"
2896,1416,Green Card
1771,1417,"Distinguished Gentleman, The"
533,1418,Beyoncé: Life Is But a Dream
1442,1419,"Slugger's Wife, The"
239,1420,"Wedding Party, The (Die Bluthochzeit)"
1821,1421,Goodbye Pork Pie
1195,1422,Let's Make Love
518,1423,Lost Horizon
2530,1424,21 tapaa pilata avioliitto
1749,1425,Amazon Jack 2: The Movie Star (a.k.a. Hugo the Movie Star) (Jungledyret 2 - den store filmhelt)
24,1426,Man-Thing
1137,1427,"Day of the Locust, The"
1038,1428,"Strike! (a.k.a. All I Wanna Do, The Hairy Bird)"
2306,1429,Casper
2090,1430,"Shiver of the Vampires, The (Frisson des vampires, Le)"
1896,1431,Eddie Izzard: Circle
154,1432,Accident on Hill Road
507,1433,Fade to Black
874,1434,Alice in Wonderland
1264,1435,Match Point
309,1436,God's Country
2524,1437,"Last Minute, The"
202,1438,Gayby
842,1439,Road to Utopia
2786,1440,Dead Men Walk
1621,1441,Fox and His Friends (Faustrecht der Freiheit)
1326,1442,Hardware
1717,1443,"Nada Gang, The (Nada)"
897,1444,Cool It
806,1445,"Zed & Two Noughts, A"
2272,1446,King of the Children (Hai zi wang)
2574,1447,Disturbia
1442,1448,Road to Bali
1569,1449,Out On A Limb
2348,1450,Robot
351,1451,Point Blank
1198,1452,Blind Justice (Hævnens nat)
204,1453,Chronos
971,1454,Container
257,1455,Outrageous Fortune
1469,1456,American Perfekt
791,1457,Inherit the Wind
405,1458,Assassination Tango
1332,1459,G.I. Joe: The Revenge of Cobra
921,1460,"Humanité, L'"
2931,1461,Subject Two
2202,1462,"Come Back to the Five and Dime, Jimmy Dean, Jimmy Dean"
437,1463,"Night Porter, The (Portiere di notte, Il)"
1666,1464,Camp
2629,1465,Musikanten
1340,1466,True Story
848,1467,Earth
98,1468,She Cried No (Freshman Fall)
1205,1469,Little Giants
72,1470,Good Dick
428,1471,Big City Blues
482,1472,The Last Train through Harecastle Tunnel
900,1473,Love Stinks
318,1474,"Leslie, My Name is Evil (Manson, My Name is Evil)"
309,1475,Land of the Blind
919,1476,"Battle of Russia, The (Why We Fight, 5)"
2729,1477,Get Shorty
481,1478,Unconscious (Inconscientes)
77,1479,"Razor's Edge, The"
2860,1480,Home Alone 4
1624,1481,"Piece of the Action, A"
1008,1482,Applause (Applaus)
2846,1483,Archangel
699,1484,I Am Ali
113,1485,"Other, The"
2542,1486,My Chauffeur
2982,1487,"Artist, The (El Artista)"
780,1488,Hunger (Sult)
1023,1489,"Land Before Time, The"
1489,1490,Oblivion
2920,1491,Dirty Harry
1813,1492,The Cat's Out
1535,1493,Scenes from a Mall
2543,1494,Curse of the Golden Flower (Man cheng jin dai huang jin jia)
2641,1495,2 ou 3 choses que je sais d'elle (2 or 3 Things I Know About Her)
998,1496,"Ghost Ship, The"
840,1497,Walled In
2687,1498,Devil's Doorway
2501,1499,"Private Life of Henry VIII, The"
2373,1500,First Sunday
202,1501,Revenge of the Nerds IV: Nerds in Love
1904,1502,Castle in the Desert (Charlie Chan in Castle in the Desert)
1673,1503,Crazy Mama
407,1504,Jean Gentil
2552,1505,Inspector Gadget
2019,1506,Excalibur
2299,1507,"Patriots, The (Patriotes, Les)"
279,1508,"Guilt Trip, The"
138,1509,Kiss of the Dragon
1500,1510,Future by Design
1752,1511,Gunfight at the O.K. Corral
837,1512,Vares: Private Eye (Vares - Yksityisetsivä)
1117,1513,"Nine Lives of Tomas Katz, The"
365,1514,Nobody Walks
164,1515,Bicentennial Man
851,1516,My Bloody Valentine
2244,1517,"White Angel, The (L'angelo bianco)"
1700,1518,Singles
487,1519,Joe Strummer: The Future Is Unwritten
2414,1520,Food Matters
753,1521,Penthouse
2769,1522,Bride Flight
870,1523,13/13/13
1579,1524,Assassination Tango
331,1525,Wrecked
2577,1526,Charlie Countryman
2815,1527,Death In Love
824,1528,Manny & Lo
1633,1529,Contact
1392,1530,Hobo with a Shotgun
2712,1531,Bobcat Goldthwait: You Don't Look the Same Either
2824,1532,Trailer Park Boys: Don't Legalize It
628,1533,Belle toujours
2544,1534,Noise
57,1535,Patterns
1076,1536,Curious George
1530,1537,Slow Southern Steel
1637,1538,Surf Ninjas
2936,1539,Century
2025,1540,Mata Hari
2853,1541,"Next Step, The"
1476,1542,Snow and Ashes
2509,1543,Too Hot to Handle
839,1544,Moon Over Parador
138,1545,"Officer and a Gentleman, An"
2090,1546,Red Beard (Akahige)
497,1547,Bring Me the Head of Alfredo Garcia
480,1548,Tycoon (Oligarkh)
543,1549,Doug's 1st Movie
1300,1550,Schlussmacher
28,1551,"Great Mouse Detective, The"
2009,1552,Lost and Found
2837,1553,Little Shop of Horrors
2893,1554,Chill Factor
2124,1555,Balkan Spy (Balkanski spijun)
895,1556,Operation Petticoat
305,1557,Ordinary People
499,1558,Domino
1921,1559,Supercop 2 (Project S) (Chao ji ji hua)
1199,1560,Bigfoot Lives
1935,1561,Hello Mary Lou: Prom Night II
1196,1562,Charlie Chan in Reno
2501,1563,"Mask of Dimitrios, The"
376,1564,Broken City
1687,1565,"Stepford Wives, The"
2795,1566,Blow Job
1570,1567,"Scene at the Sea, A (Ano natsu, ichiban shizukana umi)"
2159,1568,Hellbound?
1378,1569,MacArthur
435,1570,Man of the West
466,1571,Last Summer in the Hamptons
2044,1572,"Lake House, The"
126,1573,"House of the Spirits, The"
2098,1574,Thrive
2007,1575,"Conqueror, The"
2927,1576,My Man and I
2613,1577,Dodge City
456,1578,Broken
1614,1579,Three on a Match
1924,1580,Calle 54
2294,1581,Abbott and Costello Go to Mars
134,1582,Xanadu
1475,1583,Nacho Libre
2962,1584,EXPO: Magic of the White City
1413,1585,Dark Star
2055,1586,"Emperor's New Groove 2: Kronk's New Groove, The"
792,1587,What Happened Was...
1285,1588,To the Sea (Alamar)
28,1589,Ski School
1996,1590,Humble Pie (American Fork)
943,1591,"Hip Hop Witch, Da"
1288,1592,Something's Gotta Give
1372,1593,Little Miss Marker
1893,1594,Biutiful
1556,1595,"Cross of Lorraine, The"
1536,1596,Amazonia
1476,1597,"Dark Wind, The"
2017,1598,Without Love
2305,1599,Big Shot's Funeral (Da Wan)
2583,1600,Men in Black (a.k.a. MIB)
974,1601,Yella
617,1602,Descent
615,1603,Company of Heroes
2002,1604,"Soft Skin, The (La peau douce)"
392,1605,In a Glass Cage (Tras el cristal)
1207,1606,Ballistic: Ecks vs. Sever
1326,1607,Tevye
2970,1608,Twins
312,1609,"Kind of Loving, A"
586,1610,"Right Kind of Wrong, The"
2503,1611,Ben X
1023,1612,"...All the Marbles (California Dolls, The)"
742,1613,Novo
1235,1614,Starting Out in the Evening
1383,1615,"Raven, The"
2349,1616,Balseros (Cuban Rafters)
109,1617,12 Rounds 2: Reloaded
235,1618,Dark Ride
93,1619,"Swinger, The"
2707,1620,"Scarlet Letter, The (Der scharlachrote Buchstabe)"
2391,1621,See No Evil
1542,1622,Raid on Rommel
637,1623,Heidi
2310,1624,Under the Domim Tree (Etz Hadomim Tafus)
2791,1625,The Chase
2239,1626,Daughters of Darkness (Les lèvres rouges)
2590,1627,"She Does Not Drink, Smoke or Flirt But... She Talks"
2827,1628,Riot On!
810,1629,"Children of Huang Shi, The"
460,1630,"Final Option, The (Who Dares Wins)"
479,1631,"Rocky Saga: Going the Distance, The"
2337,1632,Mischief Night
1568,1633,Cameraman: The Life and Work of Jack Cardiff
2773,1634,Manakamana
2841,1635,American Samurai (Ninja: American Samurai)
520,1636,Three Resurrected Drunkards (Kaette kita yopparai)
1888,1637,Kelly's Heroes
2104,1638,Nightmare Alley
2025,1639,Begone Dull Care
1322,1640,Two Ninas
776,1641,City Zero
2562,1642,Music From Another Room
2187,1643,Death to Smoochy
861,1644,Codependent Lesbian Space Alien Seeks Same
730,1645,"Deadly Trackers, The"
939,1646,"Captain Thunder (Capitán Trueno y el Santo Grial, El) (Prince Killian and the Holy Grail)"
2846,1647,"American Crime, An"
1272,1648,Sex and the City 2
2871,1649,"White Sheik, The (Sceicco bianco, Lo)"
2128,1650,Point Blank (À bout portant)
2182,1651,Die Fighting
2740,1652,In Order of Disappearance (Kraftidioten)
44,1653,Johnny English
1686,1654,Battle of the Bulge
1045,1655,"Swan Princess: Escape from Castle Mountain, The"
1956,1656,Idiot's Delight
2937,1657,Backstairs (Hintertreppe)
1181,1658,Everly
1412,1659,Dug's Special Mission
1346,1660,"Outlaw, The (Lope)"
1885,1661,Monsters vs. Aliens
2913,1662,Interview with the Vampire: The Vampire Chronicles
1548,1663,Cedar Rapids
2562,1664,Kamikaze Girls (Shimotsuma monogatari)
535,1665,In a World...
428,1666,Brewster McCloud
1019,1667,Comme les 5 doigts de la main
1928,1668,Nights in Rodanthe
2011,1669,I Am Dina
957,1670,Joe Kidd
1664,1671,"Number 23, The"
1867,1672,Visitor Q (Bizita Q)
580,1673,"January Man, The"
2129,1674,"Last Seven, The"
2356,1675,Charly
2882,1676,"Pirate Movie, The"
1330,1677,Age of Tomorrow
410,1678,Shot in the Heart
1044,1679,Captain January
2027,1680,Blue Velvet
188,1681,"Seventh Continent, The (Der siebente Kontinent)"
217,1682,Little Italy
1186,1683,Savage Grace
2927,1684,Hero at Large
1070,1685,Target
2339,1686,"Dry White Season, A"
1093,1687,"Concorde: Airport '79, The"
1461,1688,Saving Sarah Cain
459,1689,Better Than Sex
2648,1690,Batman Begins
2383,1691,"Lady and the Reaper, The (Dama y la muerte, La)"
2334,1692,Artifact
2511,1693,"Crazy Class Wakes Up, The (Hababam sinifi uyaniyor)"
782,1694,Time Out (L'emploi du temps)
1794,1695,I Want to Be a Soldier
2454,1696,Who Killed Bambi? (Qui a tué Bambi?)
1649,1697,Burglar
2685,1698,Rally On! (Ralliraita)
1526,1699,"Perfect Day, A (Un giorno perfetto)"
1588,1700,Macbeth
458,1701,Madhouse
90,1702,Alone with Her
1944,1703,Bridesmaids
2229,1704,"Shaggy Dog, The"
61,1705,Summer of Sam
46,1706,Fast Food
1283,1707,In Passing
1274,1708,Full Speed (À toute vitesse)
553,1709,"Arrested Development Documentary Project, The"
409,1710,The Left Handed Gun
540,1711,Stray Cat Rock: Delinquent Girl Boss (Nora-neko rokku: Onna banchô)
593,1712,Paisan (Paisà)
1876,1713,"Big Wedding, The"
1718,1714,Mercy
470,1715,Clonehunter
447,1716,No Reservations
1138,1717,"Perfect Couple, A"
1966,1718,Xingu 
457,1719,Eight Legged Freaks
2283,1720,Lost Angels
2661,1721,Batman Beyond: Return of the Joker
2519,1722,Toy Story
1839,1723,"Sea, The (Hafið)"
1491,1724,Captain America
520,1725,Once in a Lifetime: The Extraordinary Story of the New York Cosmos
2633,1726,Ichi
1082,1727,Behold a Pale Horse
1225,1728,In the Loop
1599,1729,Free Birds
137,1730,"District, The (Nyócker!)"
2524,1731,Gas
1397,1732,"Event, The"
2969,1733,Mega Piranha
2261,1734,Monty Python's The Meaning of Life
2492,1735,"Uncle Marin, the Billionaire (Nea Marin miliardar) (Uncle Martin, the Multimillionaire)"
2219,1736,Junior Bonner
1352,1737,Bye Bye Birdie
2005,1738,On the Rumba River (On the Rhumba River)
570,1739,Bad Boy Bubby
435,1740,"Sea of Grass, The"
2588,1741,Medora
571,1742,"What to Do in Case of Fire (Was tun, wenn's brennt?)"
2290,1743,"Ator, the Fighting Eagle (Ator l'invincibile)"
1567,1744,Watchmen
2851,1745,Hands on a Hard Body
1616,1746,Oxford Blues
1730,1747,In Tranzit
2428,1748,"Assignment, The"
2242,1749,Home for Christmas (Hjem til jul)
744,1750,Female Prisoner #701: Scorpion (Joshuu 701-gô: Sasori)
2242,1751,Spriggan (Supurigan)
119,1752,Everybody's Fine
1458,1753,Switchback
2736,1754,The Best of Me
881,1755,"Velvet Vampire, The"
1542,1756,No Way to Treat a Lady
2471,1757,Garbo the Spy (Garbo: El espía)
987,1758,Redemption: The Stan Tookie Williams Story
1655,1759,All That Heaven Allows
2882,1760,Some Mother's Son
1640,1761,"Crucified Lovers, The (Chikamatsu monogatari)"
1485,1762,No Looking Back
922,1763,"Pearl, The (La perla)"
543,1764,Chain Reaction
2404,1765,Time to Kill (Tempo di uccidere)
3000,1766,Woodstock
784,1767,I Know Who Killed Me
501,1768,Shotgun Stories
2647,1769,Thirst
2146,1770,The Violent Enemy
1488,1771,Suddenly (Tan de Repente)
2234,1772,"Cousins, The (Cousins, Les)"
2928,1773,15
2574,1774,Horror Business
1548,1775,Whirlpool
751,1776,Heroes for Sale
390,1777,Mabel's Married Life
844,1778,Sabrina
1120,1779,$ (Dollars)
752,1780,In the Soup
466,1781,Ingenious
2718,1782,Free Willy 3: The Rescue
462,1783,"Devil, The (Diabel)"
722,1784,Picture Perfect
1002,1785,Violence at Noon (Hakuchu no torima)
1651,1786,Naked
2948,1787,"Heart Is Deceitful Above All Things, The"
1849,1788,Bad Lieutenant: Port of Call New Orleans
2162,1789,Getting In
2154,1790,"Business of Being Born, The"
2490,1791,True Stories
2140,1792,"Temptations, The"
156,1793,"Book of Life, The"
1875,1794,Katt Williams: The Pimp Chronicles Pt. 1
2649,1795,Sherlock Holmes
1602,1796,"Happiness Is a Warm Blanket, Charlie Brown"
1710,1797,Konopielka
971,1798,Belle of the Nineties
1296,1799,Inside Daisy Clover
1101,1800,Repast (Meshi)
1559,1801,Guilty (Présumé coupable)
885,1802,Simon Killer 
413,1803,"One-Armed Swordsman, The (Dubei dao)"
1601,1804,Let's Get Harry
959,1805,Two Queens and One Consort (Twee vorstinnen en een vorst)
1203,1806,"Lot Like Love, A"
1440,1807,"Secret Life of Words, The"
1758,1808,Deliverance
831,1809,Haiku Tunnel
409,1810,De la servitude moderne
1646,1811,Meet the Applegates
2243,1812,"Trouble with Girls, The"
557,1813,"Hills Have Eyes Part II, The"
2946,1814,Wrong Side Up (Pribehy obycejneho silenstvi)
2831,1815,Abbott and Costello Meet Captain Kidd
2393,1816,Recipe for Love
1233,1817,"Nature of the Beast, The"
2268,1818,Impy's Island
2742,1819,"Taira Clan Saga, The (Shin heike monogatari)"
2675,1820,Deep Blue
2551,1821,"Thick-Walled Room, The (Kabe atsuki heya)"
335,1822,All or Nothing
2403,1823,Trust
808,1824,Straw Dogs
1037,1825,Carne
788,1826,That Evening Sun
1374,1827,Generation P
1537,1828,Iron Eagle IV
1203,1829,Swedish Auto
1538,1830,Take Shelter
2866,1831,Ring of Bright Water
2882,1832,They Call Us Misfits (Dom kallar oss mods)
2101,1833,"Life Is Rosy (a.k.a. Life Is Beautiful) (Vie est belle, La)"
962,1834,"Troll in Central Park, A"
422,1835,"It's Me, It's Me (Ore Ore)"
800,1836,Teacher's Pet
2701,1837,Bridget Jones: The Edge of Reason
2031,1838,The Deep Six
1881,1839,Mentor
474,1840,F.I.S.T.
2344,1841,"Young and the Dead, The"
2788,1842,Black Narcissus
2498,1843,Comradeship (Kameradschaft)
1354,1844,Buffalo '66 (a.k.a. Buffalo 66)
2913,1845,"Three Musketeers, The"
1870,1846,I Was A Communist for the FBI
559,1847,Back to 1942 
2567,1848,Tension
2465,1849,Star Wars: The Clone Wars
178,1850,Animal Farm
602,1851,"Run of the Country, The"
2702,1852,Whirlygirl
136,1853,"Night of the Hunter, The"
2117,1854,Don't Be a Menace to South Central While Drinking Your Juice in the Hood
2474,1855,Luminarias
1350,1856,"Trouble with Angels, The"
2890,1857,Promised Land (Ziemia Obiecana)
2850,1858,Phantom
1838,1859,"Memory Keeper's Daughter, The"
580,1860,Welcome to L.A.
249,1861,Little Birds
341,1862,"First Man, The (Le Premier Homme)"
1256,1863,Regarding Henry
1517,1864,The Great Kidnapping
1682,1865,Rånarna
1804,1866,Kapitalism: Our Improved Formula (Kapitalism - Reteta noastra secreta)
2292,1867,Detroit Metal City (Detoroito Metaru Shiti)
683,1868,"Little Traitor, The"
82,1869,Blood Money
114,1870,"Care Bears Movie, The"
2485,1871,"Colder Kind of Death, A"
2898,1872,Fargo
2513,1873,Man-Proof
619,1874,"Maybe, Maybe Not (Bewegte Mann, Der)"
2148,1875,"Little Girl Who Lives Down the Lane, The"
2151,1876,Dead Space: Downfall
1245,1877,Battlestar Galactica: Razor
615,1878,Tokyo Fiancée
3000,1879,"End, The"
1805,1880,Kidnapped For Christ
694,1881,Den sommeren jeg fylte 15
1949,1882,Enigma
571,1883,Fearless Hyena II (Long teng hu yue)
1779,1884,"Hunt, The (Caza, La)"
1606,1885,Elf
24,1886,Fire and Ice
679,1887,Camp de Thiaroye
889,1888,"Sand Pebbles, The"
1418,1889,"Human Condition I, The (Ningen no joken I)"
2610,1890,Rebirth of Mothra III
2009,1891,Kill the Messenger
2822,1892,Tidal Wave
2185,1893,"Shape of Things, The"
1000,1894,Underground
224,1895,"36th Chamber of Shaolin, The (Shao Lin san shi liu fang) (Master Killer)"
33,1896,Code Name: The Cleaner
2191,1897,Tour De Force (Hin und weg)
2038,1898,Rain Man
2846,1899,Strangers in Good Company
1376,1900,Wicked
1562,1901,Half Moon (a.k.a. Niwemang)
1192,1902,Geography Club
2128,1903,Porco Rosso (Crimson Pig) (Kurenai no buta)
2175,1904,"Nut Job, The"
2308,1905,Stargate: Continuum
1479,1906,Where the Truth Lies
2123,1907,Puss in Boots (Nagagutsu o haita neko)
2127,1908,"Black Dahlia, The"
1961,1909,"Recruiter, The"
1493,1910,Appleseed (Appurushîdo)
1785,1911,Abe Lincoln in Illinois
1633,1912,Tora! Tora! Tora!
781,1913,"Better Place, A"
886,1914,Midnight's Children
1675,1915,Gotti
2433,1916,On the Line
638,1917,Cookers
103,1918,Janie Jones
949,1919,Fright Night 2: New Blood
1997,1920,Groove
100,1921,One Bright Shining Moment
48,1922,"Further Gesture, A"
2471,1923,Women in Love
2162,1924,"Scorpion King, The"
1907,1925,Blood Money
379,1926,Private School
1161,1927,Spy(ies) (Espion(s))
2290,1928,Cooking with Stella
512,1929,Woochi: The Demon Slayer
356,1930,Journey Beyond Three Seas
2629,1931,For Love or Country: The Arturo Sandoval Story
332,1932,Che: Part Two
1162,1933,Astro Boy
2537,1934,"Golden Thread, The (Subarnarekha)"
2919,1935,Wuthering Heights
2572,1936,Nanny McPhee
2032,1937,"Dirt Bike Kid, The"
2545,1938,Doctor Zhivago
1145,1939,"Sex of Angels, The (El sexo de los ángeles)"
1187,1940,I'll Sleep When I'm Dead
1374,1941,Beautiful Darling
2857,1942,It Came from Hollywood
1892,1943,Orange County
584,1944,Moliere
2005,1945,On the Silver Globe (Na srebrnym globie)
624,1946,"Cage aux Folles, La"
506,1947,Thrill Ride: The Science of Fun
1378,1948,Time to Kill (Tempo di uccidere)
2261,1949,"Day After, The"
2018,1950,Ice Men
1363,1951,"Narrow Margin, The"
1996,1952,Emma
1983,1953,"Girl on the Bridge, The (Fille sur le pont, La)"
2386,1954,Coupe de Ville
2493,1955,"Spanish Earth, The"
2994,1956,Directed by John Ford
1639,1957,At the Earth's Core
1802,1958,Saratoga
75,1959,"Clockmaker of St. Paul, The (L'horloger de Saint-Paul)"
2529,1960,Gold Diggers of 1935
1373,1961,Nemesis 2: Nebula
653,1962,Heatstroke
2629,1963,Nick Fury: Agent of S.H.I.E.L.D.
1371,1964,Louis C.K.: Live at The Comedy Store
497,1965,Jack-O
280,1966,City Lights
733,1967,CrissCross
1828,1968,Geronimo
1580,1969,Apollo 13: To the Edge and Back
2825,1970,Teacher's Pet
1657,1971,Frankie and Johnny
14,1972,Cass
2411,1973,Whisky
227,1974,Jealousy
1078,1975,"Patriots, The (Patriotes, Les)"
1509,1976,Under Ten Flags
1398,1977,Kiki
280,1978,Love and Death
1444,1979,"Thousand Clowns, A"
2332,1980,Wild Seven
740,1981,Hangman's Knot
2702,1982,4 Little Girls
966,1983,They Have Escaped (He ovat paenneet)
1895,1984,Säg att du älskar mig
2080,1985,Aamir
2320,1986,Under Capricorn
555,1987,Zoo
1207,1988,"Notorious Landlady, The"
2863,1989,"Suriyothai (a.k.a. Legend of Suriyothai, The)"
2309,1990,Brothers of the Head
712,1991,Illegal Tender
1706,1992,"Bat, The"
2111,1993,Little Fridolf Becomes a Grandfather
1677,1994,Honky Tonk Freeway
2182,1995,Now!
555,1996,"Grave Decisions (Wer früher stirbt, ist länger tot)"
1630,1997,"Hypothesis of the Stolen Painting, The (L'hypothèse du tableau volé)"
553,1998,"Fitzgerald Family Christmas, The"
1145,1999,Petals on the Wind
1872,2000,Sam Peckinpah's West: Legacy of a Hollywood Renegade
1789,2001,Defense of the Realm
2088,2002,Kiss of Death
35,2003,The First Movie
302,2004,Out at the Wedding
2107,2005,Godzilla vs. Mechagodzilla (Gojira tai Mekagojira)
222,2006,Operation Mad Ball
1521,2007,Breakaway (Speedy Singhs)
2525,2008,Shadows (Senki)
1261,2009,"Flintstones, The"
1461,2010,Asterix in Britain (Astérix chez les Bretons)
1146,2011,Water Lilies (Naissance des pieuvres)
147,2012,3096 Days
386,2013,Storm Warning
540,2014,Anchors Aweigh
1998,2015,Mr Hockey The Gordie Howe Story
1867,2016,"Amityville Curse, The"
719,2017,Cargo
317,2018,Scoop
1737,2019,The Police Serve the Citizens?
2071,2020,"Name of the Rose, The (Name der Rose, Der)"
1057,2021,My Grandfather's People (Dedemin insanlari)
2066,2022,Murder on the Orient Express
2883,2023,How to Murder Your Wife
1919,2024,"Box, The"
1394,2025,Wuthering Heights
1323,2026,Protocols of Zion
1729,2027,Balzac and the Little Chinese Seamstress (Xiao cai feng)
427,2028,Daddy Long Legs
2038,2029,Hardcore
185,2030,"NeverEnding Story III, The"
2110,2031,A Blank on the Map
1012,2032,Powder
2451,2033,Common
2506,2034,"Little Princess, The"
1906,2035,"Stranger, The"
1721,2036,Wreck-It Ralph
2519,2037,Pekka ja Pätkä Suezilla
1952,2038,Charlie Chan in the Secret Service
1057,2039,8 Million Ways to Die
700,2040,Music and Lyrics
1004,2041,Radio Days
116,2042,Chantilly Lace
2697,2043,Shaka Zulu: The Citadel
888,2044,Confessions of a Window Cleaner
1536,2045,Kawasaki's Rose 
225,2046,War of the Wildcats (In Old Oklahoma)
667,2047,Hammett
1428,2048,Akira Kurosawa's Dreams (Dreams)
1074,2049,From B Movie to Cult Film: Western
1261,2050,28 Days Later
1300,2051,"Way South, The (De weg naar het zuiden)"
2077,2052,"Awful Truth, The"
366,2053,Antboy
2060,2054,Defying Gravity
2095,2055,"Devil Rides Out, The"
1666,2056,American Sniper
50,2057,"Grin Without a Cat, A (Fond de l'air est rouge, Le)"
511,2058,Nice Guy Johnny
497,2059,Control (Kontroll)
1864,2060,Very Bad Things
428,2061,Whatever Happened to Aunt Alice?
261,2062,My Last Five Girlfriends
1016,2063,The Perfect World of Kai
1711,2064,Striking Range
2449,2065,You Only Live Twice
141,2066,Black Gold
547,2067,Mitt
813,2068,"Great Race, The"
1140,2069,"Angry Red Planet, The"
2048,2070,"Yellow Sea, The (a.k.a. The Murderer) (Hwanghae)"
418,2071,Je suis né d'une cigogne
2958,2072,"Secret of Roan Inish, The"
2564,2073,Home Alone 4
2983,2074,"Way of the Gun, The"
2398,2075,Clapham Junction
609,2076,Gunless
1745,2077,"Tempest, The"
2783,2078,Spider Lilies (Ci qing)
1762,2079,Mr. Bug Goes to Town (a.k.a. Hoppity Goes to Town)
2901,2080,Whipped
2831,2081,Redemption (Hummingbird)
540,2082,Sacrifice (Zhao shi gu er)
2580,2083,"Incubus, The"
53,2084,Sonny Boy
1387,2085,Amor?
2043,2086,The Harmony Game
1489,2087,I Know What I Saw
2997,2088,Clubland (a.k.a. Introducing the Dwights)
822,2089,I'll Sleep When I'm Dead
895,2090,Pleasures of the Flesh (Etsuraku)
1378,2091,Once Upon a Forest
1973,2092,Sawdust and Tinsel (Gycklarnas afton)
1470,2093,Jubal
1285,2094,Asterix in Britain (Astérix chez les Bretons)
1014,2095,Double Vision (Shuang tong)
2474,2096,Bekas
1121,2097,National Lampoon's Van Wilder: The Rise of Taj
2055,2098,Vegucated
376,2099,Paper Planes
180,2100,Nightmare Factory
519,2101,Full Moon in Blue Water
887,2102,"Invisible Sign, An"
2268,2103,Surviving Picasso
789,2104,"President's Man: A Line in the Sand, The"
405,2105,Regarding Henry
589,2106,In the Blood
889,2107,The Land Before Time XI: Invasion of the Tinysauruses
497,2108,Freeloaders
936,2109,"Breaking Point, The"
2147,2110,Shatter Dead
1289,2111,"Land Without Bread (Hurdes, tierra sin pan, Las)"
2065,2112,Dirty Girl
1868,2113,April Story
1151,2114,Woman of Antwerp
2830,2115,Odd Girl Out
24,2116,Sisters
1285,2117,Summer Magic
2029,2118,"Legend of Lizzie Borden, The"
1630,2119,10th & Wolf
2309,2120,Conflict
180,2121,Elena
565,2122,My Kid Could Paint That
1692,2123,"Black Orchid, The"
2461,2124,"Cemetery Club, The"
2173,2125,Failure to Launch
359,2126,The Magic Flute
2141,2127,"Jeffrey Dahmer Files, The"
2122,2128,King David
2757,2129,Modern Boy (Modeon boi)
2089,2130,"Promise, The (Versprechen, Das)"
890,2131,Irma Vep
559,2132,God's Gun
485,2133,"Easy Life, The (Il Sorpasso)"
1103,2134,Triumph of the Spirit
2181,2135,The Hearts of Age
180,2136,Space Jam
413,2137,Bad Girls Go To Hell
1551,2138,"North Avenue Irregulars, The"
564,2139,Chicago
2678,2140,Rambo (Rambo 4)
970,2141,"Second Chance, The"
625,2142,Scooby-Doo 2: Monsters Unleashed
204,2143,29th Street
2008,2144,Raincoat
437,2145,Wild Card
1674,2146,Blonde Ice
1644,2147,Promised Land (Ziemia Obiecana)
2297,2148,Sabretooth
2341,2149,Bitter Victory
547,2150,"City Dark, The"
1586,2151,Nine to Five (a.k.a. 9 to 5)
1374,2152,August Mordum's Underground
919,2153,Comrades: Almost a Love Story (Tian mi mi)
1908,2154,"NeverEnding Story, The"
223,2155,"Marshal of Finland, The (Suomen Marsalkka)"
2725,2156,To Be Twenty
596,2157,Young and Innocent
2561,2158,Ned Kelly
940,2159,They Came to Cordura
247,2160,Not as a Stranger
2406,2161,Scooby-Doo! and the Witch's Ghost
837,2162,Jimmy Hollywood
1857,2163,Rusalochka (The Little Mermaid)
1083,2164,Larry Crowne
2745,2165,My Sassy Girl
541,2166,Old Man Made in Spain (Abuelo made in Spain)
1746,2167,Mary
1616,2168,"Paradise, Hawaiian Style"
878,2169,Eye of the Beholder
2809,2170,Sweepers
2531,2171,"Lady from Shanghai, The"
645,2172,Loaded Weapon 1 (National Lampoon's Loaded Weapon 1)
1851,2173,BFFs
2815,2174,Sansa
1327,2175,And You Thought Your Parents Were Weird
1410,2176,"Web of Death, The"
2803,2177,Oh My God
2622,2178,Mad Dog and Glory
662,2179,Marie from the Bay of Angels (Marie Baie Des Anges)
2428,2180,"Love Parade, The"
2031,2181,Jack Goes Boating
1846,2182,How Bruce Lee Changed the World
170,2183,This Christmas
741,2184,Macario
908,2185,"River Runs Through It, A"
1248,2186,Leave It to Beaver
850,2187,Twelve Angry Men
2770,2188,Quartier Mozart
2815,2189,Tenderness
2422,2190,Adios Sabata
2440,2191,"Tortured, The"
2283,2192,One Foot in Heaven
1647,2193,My Ain Folk
1807,2194,Ratatouille
709,2195,"Coast Guard, The (Hae anseon)"
1338,2196,Inhale
2050,2197,Autopsy (Macchie Solari)
2436,2198,"Worthless, The (Arvottomat)"
1080,2199,Cyborg 2: Glass Shadow
1552,2200,"Craigslist Killer, The "
339,2201,Mouse Hunt
1866,2202,Hustle & Flow
108,2203,Gaslight
2236,2204,Show Me Love (Fucking Åmål)
2519,2205,"Sky's the Limit, The"
1405,2206,School Daze
277,2207,The Brave Little Toaster Goes to Mars
1120,2208,Sucker Punch
1950,2209,Sherlock Holmes: Dressed to Kill
2055,2210,Blue City
1232,2211,My Name Is Joe
2780,2212,"Aviator, The"
1830,2213,Teen Spirit
1042,2214,Nothing But Trouble
1949,2215,"Honey, We Shrunk Ourselves"
146,2216,Wholly Moses
2004,2217,"Afternoon of a Torturer, The (Dupa-amiaza unui tortionar)"
2303,2218,Star Trek IV: The Voyage Home
961,2219,Seven Invisible Men (Septyni nematomi zmones)
2421,2220,Shortbus
2859,2221,Mindwalk
1768,2222,"President's Last Bang, The (Geuddae geusaramdeul)"
2880,2223,"Legend of Bagger Vance, The"
1690,2224,"Exorcist III, The"
289,2225,"Tall T, The"
781,2226,Equus
1567,2227,9
2852,2228,Pauline détective
315,2229,Singapore Sling (Singapore sling: O anthropos pou agapise ena ptoma)
628,2230,The Robot vs. the Aztec Mummy
1870,2231,Alamo Bay
1598,2232,Unleashed (Danny the Dog)
990,2233,"Noose, The (Petla)"
1314,2234,"Cruel Romance, A (Zhestokij Romans)"
305,2235,"Man Who Would Be King, The"
832,2236,Amadeus
2903,2237,Charles Bradley: Soul of America
1631,2238,Cookers
2805,2239,The New Babylon
567,2240,33 Postcards
468,2241,Sweeney Todd
918,2242,"Naked Civil Servant, The"
474,2243,Sasori
971,2244,"Two Jakes, The"
2163,2245,No Country for Old Men
1567,2246,Dredd
1258,2247,It Happened at the World's Fair
107,2248,Celeste and Jesse Forever (Celeste & Jesse Forever)
2265,2249,Ragtime
611,2250,Reel Bad Arabs: How Hollywood Vilifies a People
1896,2251,Blue Sunshine
873,2252,Erin Brockovich
2665,2253,Your Life in 65 (Tu vida en 65')
1058,2254,Charlie Chan at Treasure Island
281,2255,Kiss Me Kate
1454,2256,Decoding Annie Parker
1195,2257,Passionada
484,2258,Dream Land
468,2259,New York Cop (Nyû Yôku no koppu)
2243,2260,Blue Velvet
106,2261,I Am Divine
2383,2262,"Brothers, The"
279,2263,"Net 2.0, The "
2790,2264,Respiro
382,2265,Never Take Candy from a Stranger (Never Take Sweets from a Stranger)
535,2266,Exit Humanity
1199,2267,Mamma Roma
2826,2268,"Nightmare City (a.k.a. City of the Walking Dead) (a.k.a. Invasión de los zombies atómicos, La) (Incubo sulla città contaminata)"
108,2269,Dodsworth
1101,2270,Another Nine & a Half Weeks (Love in Paris) (9 1/2 Weeks II) (Another 9 1/2 Weeks)
1643,2271,"Boys, Les"
2041,2272,"Pyramid, The"
127,2273,This Is the Army
1184,2274,All the Boys Love Mandy Lane
127,2275,"Crocodile Hunter: Collision Course, The"
24,2276,Lights in the Dusk (Laitakaupungin valot)
2963,2277,The Disembodied
555,2278,"Girl From Paris, A (hirondelle a fait le printemps, Une)"
264,2279,Puss in Boots
412,2280,"Alphabet Killer, The"
2973,2281,Flowers in the Attic
1939,2282,"Swell Season, The"
231,2283,Nursery University
1581,2284,Smashed
2888,2285,Dead Awake
1883,2286,Fire Down Below
2210,2287,Full of It
2520,2288,Road to Singapore
2572,2289,"Tale of Springtime, A (Conte de Printemps)"
1069,2290,"Last Taboo, The"
1683,2291,Wanted
2366,2292,"Sin of Harold Diddlebock, The"
770,2293,Earth vs. the Spider
2027,2294,Red Doors
1997,2295,Claustrofobia
2411,2296,Vile 
1765,2297,Riders of the Purple Sage
692,2298,I Don't Want to Sleep Alone (Hei yan quan)
1402,2299,"Salton Sea, The"
1842,2300,Fade to Black
1256,2301,Jumpin' Jack Flash
1276,2302,Shark Night 3D
2910,2303,Blindman
2961,2304,Season of the Witch
2129,2305,Bopha!
1389,2306,"Stand, The"
555,2307,Sin Retorno
2308,2308,Post Mortem
919,2309,"Big Blonde, The (Iso vaalee)"
508,2310,"Dark Half, The"
1392,2311,Zombie Holocaust (a.k.a. Doctor Butcher M.D.) (Zombi Holocaust)
1107,2312,Devdas
2021,2313,Hard Target
1028,2314,Who Wants to Kill Jessie? (Kdo chce zabít Jessii?)
1037,2315,Hunger (Sult)
2093,2316,"Quick and the Dead, The"
1428,2317,Last Chance Harvey
703,2318,Eyes of the Mothman
388,2319,"Spanish Apartment, The (L'auberge espagnole)"
1674,2320,I Walk the Line
2651,2321,Åsa-Nisse - Wälkom to Knohult
63,2322,A Fugitive from the Past
2619,2323,"Spoilers, The"
953,2324,"Mourning Forest, The (Mogari no mori)"
2960,2325,Last Resort
1804,2326,"Dark Horse, The"
1335,2327,"Enforcer, The"
1531,2328,After the Thin Man
1894,2329,Bye Bye Braverman
114,2330,Wild Tigers I Have Known
709,2331,"Killings at Outpost Zeta, The"
952,2332,"Two Jakes, The"
1252,2333,Ringu 0: Bâsudei
2565,2334,Memories of Underdevelopment (Memorias del subdesarrollo)
919,2335,Rebels of the Neon God (Qing shao nian nuo zha)
1000,2336,"Simpsons Movie, The"
838,2337,Kicking and Screaming
636,2338,"Bridges of Madison County, The"
2118,2339,None But the Lonely Heart
186,2340,Bloodsucking Pharaohs in Pittsburgh
1810,2341,Jealousy
1462,2342,King Cobra
2755,2343,"Go, Go Second Time Virgin (Yuke yuke nidome no shojo)"
2148,2344,Sister Act 2: Back in the Habit
470,2345,Waxwork
232,2346,Stuck on You
1138,2347,"Last Remake of Beau Geste, The"
2901,2348,Comme un chef
518,2349,"Colony, The"
726,2350,Joyride
1508,2351,Carless Love
261,2352,Breakout
2642,2353,How I Ended This Summer (Kak ya provyol etim letom)
2563,2354,La Putain du roi
869,2355,David Cross: The Pride Is Back
1019,2356,"River Wild, The"
1313,2357,Army of Shadows (L'armée des ombres)
2401,2358,I Capture the Castle
2218,2359,Trouble in Paradise
2744,2360,Sacrifice (Zhao shi gu er)
2050,2361,Wicked Little Things
2514,2362,Twice Upon a Time
2229,2363,Chicken Run
144,2364,11.6
1104,2365,Dracula: Dead and Loving It
1407,2366,Schizopolis
29,2367,Atlas Shrugged: Part II
1659,2368,United Red Army (Jitsuroku Rengo Sekigun: Asama sanso e no michi)
983,2369,Best Defense
924,2370,"Cigarette Girl of Mosselprom, The (Papirosnitsa ot Mosselproma)"
602,2371,"Music Lovers, The"
2328,2372,Daltry Calhoun
556,2373,Young Tom Edison
568,2374,Fade To Black
2935,2375,"Go-Between, The"
45,2376,Six Weeks
2430,2377,"Pet, The"
1602,2378,Born Reckless
2685,2379,Princess Tam-Tam (Princesse Tam-Tam)
798,2380,Cowboy Bebop
1199,2381,The Winslow Boy
912,2382,Homework
1910,2383,My Mother (Ma mère)
2567,2384,Killer Elite
2443,2385,Clara and Me (Clara et moi)
903,2386,Breaking the Waves
130,2387,American Ninja 2: The Confrontation
196,2388,In Between Days
101,2389,Children of the Corn: Genesis
1945,2390,Road North (Tie pohjoiseen)
1467,2391,Village People
343,2392,Behaving Badly
1018,2393,Beat the Devil
455,2394,Clonehunter
781,2395,Cold Souls
903,2396,Sophie Scholl: The Final Days (Sophie Scholl - Die letzten Tage)
1996,2397,Angels Fall
2652,2398,Backbeat
1678,2399,"Cottage, The"
694,2400,Risky Business
472,2401,Killing Them Softly
1954,2402,Last Holiday
413,2403,Resident Evil: Apocalypse
245,2404,Jack Strong
2726,2405,"Giver, The"
1059,2406,Naughty Marietta
973,2407,"House Is Black, The"
2568,2408,"Lathe of Heaven, The"
77,2409,London After Midnight
2709,2410,"Holy Mountain, The (Montaña sagrada, La)"
1566,2411,Dog Park
568,2412,Brenda Starr
2521,2413,Children of the Corn: Genesis
1738,2414,Zombies on Broadway
1683,2415,Taras Bulba
78,2416,Dark Angel (I Come in Peace)
2900,2417,Simone (S1m0ne)
1722,2418,I Travel Alone
1354,2419,Burlesque
825,2420,Witch Hunt
2166,2421,So Much So Fast
1592,2422,Eureka (Yurîka)
1371,2423,Blue Thunder
422,2424,Avenger 
2904,2425,"Last Kiss, The (Ultimo bacio, L')"
1354,2426,Zombeavers
1822,2427,Remember the Titans
1011,2428,Stratosphere Girl
1877,2429,Prom Night III: The Last Kiss
2495,2430,"Surrender, Dorothy"
1603,2431,Cranford
1867,2432,"War at Home, The"
1821,2433,To Sir with Love
1541,2434,"Last Man on Earth, The (Ultimo uomo della Terra, L')"
2791,2435,If You Are the One
671,2436,Where the Sidewalk Ends
1789,2437,Post Mortem
1657,2438,Race the Sun
283,2439,Thriller: A Cruel Picture (Thriller - en grym film)
2871,2440,Bee Season
220,2441,Wild Tales
1085,2442,"Our Lady of the Assassins (Virgen de los sicarios, La)"
2423,2443,Slim Susie (Smala Sussie)
2150,2444,"Lost Missile, The"
1241,2445,Angels Crest
1707,2446,Angel on My Shoulder
2405,2447,Ghoulies II
1318,2448,We Are Marshall
2411,2449,"Good Guy, The"
2774,2450,"Notebook, The"
2081,2451,Me and My Sister
2747,2452,Pope Joan (Die Päpstin)
1200,2453,New York Confidential
2162,2454,Her Highness and the Bellboy
454,2455,Tora-san's Rise and Fall (Otoko wa tsurai yo: Torajiro aiaigasa)
2487,2456,Manhunt
326,2457,Divorce Iranian Style
1159,2458,Chak De India!
1116,2459,My Giant
2142,2460,"Waiting Room, The"
2980,2461,Aspen
1677,2462,Johnny Mad Dog
2789,2463,Enter the Void
183,2464,"Crucible, The"
117,2465,Best Boy
1322,2466,"Cheyenne Social Club, The"
515,2467,Ciao Bella
427,2468,"Violent Cop (Sono otoko, kyôbô ni tsuki)"
2672,2469,The Tomb
2991,2470,Werner - Gekotzt wird später
864,2471,Salome's Last Dance
1247,2472,Happy Gilmore
86,2473,Shrek
2432,2474,Sidewalks of New York
2740,2475,Cecil B. DeMented
1988,2476,Just Friends?
2792,2477,"Hitch Hike (Autostop rosso sangue) (Naked Prey, The)"
2526,2478,Wildcats
2664,2479,I Sell the Dead
2903,2480,Raggedy Man
55,2481,Garbo the Spy (Garbo: El espía)
2059,2482,The Open Road
1635,2483,El Escarabajo de Oro
1659,2484,"Proud Valley, The"
2171,2485,Direct Contact
61,2486,Janie Jones
2652,2487,Larry Crowne
1992,2488,Viva María!
2128,2489,"Pride of St. Louis, The"
922,2490,Ornamental Hairpin (Kanzashi)
690,2491,Almost 18
2068,2492,Zanjeer
1370,2493,Eye for an Eye
2013,2494,Racing Dreams
1896,2495,Across the Universe
1982,2496,Condition Red (Beyond the Law)
1476,2497,Keane
1881,2498,Just Buried
1377,2499,"Loved One, The"
705,2500,Embrace of the Vampire
2081,2501,Either Way (Á annan veg)
111,2502,"Hole, The"
1133,2503,American Bandits: Frank and Jesse James
2307,2504,Rent-A-Cop
1779,2505,Arcade
1199,2506,Koch
378,2507,Our Daily Bread
524,2508,Last Holiday
1692,2509,"Blue Dahlia, The"
890,2510,Company Business
1566,2511,"Egg and I, The"
2729,2512,Bravo Two Zero 
1072,2513,Casanova '70
1547,2514,"Ambulance, The"
2568,2515,"Postman Always Rings Twice, The"
369,2516,Steep
1348,2517,Dr. Seuss' The Lorax
1112,2518,Story of My Death
1614,2519,"Room with a View, A"
1642,2520,Buddy Buddy
2207,2521,"Tale of Despereaux, The"
1180,2522,Errors of the Human Body 
1581,2523,Faces of Death 4
712,2524,Skellig
1315,2525,When a Stranger Calls
1886,2526,Shivers (They Came from Within)
1197,2527,"Unspeakable Act, The"
934,2528,Flash of Genius
141,2529,Five Weeks in a Balloon
1760,2530,"Christmas Carol, A"
1128,2531,The Police Can't Move
414,2532,Beyond a Reasonable Doubt
2631,2533,Doc Savage: The Man of Bronze
2467,2534,Babbitt
2719,2535,"Santa Clause 2, The"
1635,2536,"Family Man, The"
1139,2537,Tanguy
646,2538,Icon
2335,2539,Hondo
1684,2540,For the Bible Tells Me So
695,2541,Between Heaven and Hell
333,2542,Dead of the Nite
698,2543,Night at the Museum: Secret of the Tomb
256,2544,Fire Over England
1761,2545,"American Affair, An"
278,2546,That Obscure Object of Desire (Cet obscur objet du désir)
1042,2547,Fat Head
1483,2548,Taxi
2221,2549,Attack of the Crab Monsters
1438,2550,Suicide Kings
2734,2551,Conan the Barbarian
2303,2552,California Split
1139,2553,RFK Must Die: The Assassination of Bobby Kennedy
2533,2554,Attack Force Z (a.k.a. The Z Men) (Z-tzu te kung tui)
1913,2555,Let Sleeping Corpses Lie (Non si deve profanare il sonno dei morti)
809,2556,Star Trek Into Darkness
1392,2557,Kiki's Delivery Service
11,2558,Edges of the Lord
1989,2559,"Time to Kill, A"
2994,2560,Bad Luck Love
553,2561,True Romance
624,2562,Supermensch: The Legend of Shep Gordon
2636,2563,Julian Po
2979,2564,Maria (Mariya)
2716,2565,Our Sunhi
2103,2566,"Scene at the Sea, A (Ano natsu, ichiban shizukana umi)"
2058,2567,"Evil That Men Do, The"
1597,2568,"Kid Stays in the Picture, The"
1257,2569,Great Expectations
912,2570,Manic
1216,2571,Free The Mind
1138,2572,Little Accidents
2229,2573,All Together
380,2574,Joe
959,2575,"Rites of May, The (Itim) "
940,2576,Fireworks (Hana-bi)
1044,2577,"Cardinal, The"
2600,2578,The Lazarus Effect
2925,2579,La Luna
550,2580,The Admirable Crichton
839,2581,Resurrection
2685,2582,Under the Lighthouse Dancing
2969,2583,Jonestown: Paradise Lost
2211,2584,Chunhyang
2872,2585,Hear No Evil
1474,2586,All About Lola (Ce que je sais de Lola) (Lo que sé de Lola)
1692,2587,Stakeout on Dope Street
2000,2588,Blood Diamond
2684,2589,"Limits of Control, The"
674,2590,I Start Counting
907,2591,Affluenza
2095,2592,Blue Jasmine
1000,2593,"Delta Force, The"
2816,2594,"Phantom of the Opera, The"
607,2595,"Last Starfighter, The"
2773,2596,Lolita
1876,2597,Ghosts (Gespenster)
261,2598,"Curve, The (Dead Man's Curve)"
1387,2599,40 Days and 40 Nights
866,2600,"Man on the Train (Homme du train, L')"
2494,2601,Mistress
13,2602,"Big Hangover, The"
2726,2603,Body of Water (Syvälle salattu)
804,2604,Ricochet
1451,2605,Alex and Emma
2406,2606,Am Ende eiens viel zu kurzen Tages (Death of a superhero)
2764,2607,The Great Alligator
2051,2608,"Servant, The"
1503,2609,Confess
829,2610,Red Like the Sky (Rosso come il cielo)
1074,2611,December Boys
421,2612,Not One Less (Yi ge dou bu neng shao)
2493,2613,One Point O
785,2614,Family Honeymoon
302,2615,"Front, The"
442,2616,Unfair Competition (Concorrenza sleale)
2904,2617,Hercules in the Underworld
709,2618,Playing with Love (Puppy Love) (Maladolescenza)
2710,2619,Rumble in the Bronx (Hont faan kui)
390,2620,Fanatics (Kulman pojat)
2030,2621,I Thank a Fool
16,2622,The Road to Glory
930,2623,Last Hurrah for Chivalry (Hao xia)
2515,2624,Black Sun (Kuroi taiyô)
1518,2625,Detropia
14,2626,"Very Harold & Kumar 3D Christmas, A"
2856,2627,Edge of Darkness
2509,2628,What Price Hollywood?
1358,2629,The Hunger Games: Mockingjay - Part 1
1709,2630,Chasing Ice
2713,2631,Nothing But the Truth
2227,2632,Texas Chainsaw Massacre: The Next Generation (a.k.a. The Return of the Texas Chainsaw Massacre)
2076,2633,"Lost Boys, The"
6,2634,Import/Export
2068,2635,Rebound
1704,2636,Aragami
2801,2637,The Eagle and the Hawk
2678,2638,Genocide
1152,2639,'Til There Was You
1054,2640,Casanova Brown
1245,2641,Madame Tutli-Putli
2646,2642,Witness to Murder
1354,2643,Star Trek IV: The Voyage Home
1392,2644,"Enemy Within, The (O ehthros mou)"
1900,2645,"Kiss, The"
1569,2646,"Power of Nightmares, The: The Rise of the Politics of Fear"
884,2647,Dangerous Liaisons
381,2648,Kidnap Syndicate
1439,2649,What Have They Done to Your Daughters?
2225,2650,"Man with the Iron Fists, The"
2373,2651,"Hot Rock, The"
1119,2652,I Hate Christian Laettner
542,2653,It's Impossible to Learn to Plow by Reading Books
2223,2654,"Autumn Tale, An (Conte d'automne)"
1681,2655,Under the Skin of the City (Zir-e-poost-e Shahr)
1778,2656,BlinkyTM
1361,2657,"Wackiest Ship in the Army, The"
1589,2658,Sin City
137,2659,Bad Girls
1216,2660,Gallipoli
2008,2661,Thin Ice
1465,2662,I Saw What You Did
829,2663,When Brendan Met Trudy
2744,2664,Jungle Fighters
789,2665,Garbage Warrior
2877,2666,"Nutcracker, The"
2161,2667,Svampe
1027,2668,Intersection
1693,2669,Docking the Boat (Att angöra en brygga)
1770,2670,Naked Fear
124,2671,Hypocrites
163,2672,Radio Rebel
209,2673,Enigma
1041,2674,"Idolmaker, The"
819,2675,Vampire Effect (The Twins Effect) (Chin gei bin)
866,2676,Ultraman (Chôhen kaijû eiga: Urutoraman)
2965,2677,Bodyguards and Assassins
754,2678,Hum Aapke Hain Koun...!
228,2679,"Scorpion King, The"
1658,2680,"L-Shaped Room, The"
1107,2681,Sometime in August (Mitte Ende August)
1201,2682,"Brotherhood of Justice, The"
250,2683,"Private Life of Don Juan, The"
1205,2684,Maniac
116,2685,"Strangers, The"
2097,2686,"Holy Girl, The (Niña santa, La)"
2167,2687,Trancers II
1055,2688,Mosaic
1062,2689,Castle Freak
1119,2690,Bewitched (Alter Ego)
870,2691,"Criminal, The (a.k.a. Concrete Jungle)"
2331,2692,"Ides of March, The"
2358,2693,"Day the Universe Changed, The"
1566,2694,Sawdust and Tinsel (Gycklarnas afton)
2655,2695,Virus X
2743,2696,"Three Marias, The (Três Marias, As)"
63,2697,White Christmas
715,2698,"Go, Go Second Time Virgin (Yuke yuke nidome no shojo)"
282,2699,Everything Is Illuminated
2876,2700,Blade Runner
1475,2701,Mysteries of Lisbon (Mistérios de Lisboa)
419,2702,Demons 2 (Dèmoni 2... l'incubo ritorna)
546,2703,Survival Island (Three)
1516,2704,Straightheads (Closure)
1124,2705,Dust to Glory
2072,2706,Eight Days a Week
218,2707,Starsuckers
1952,2708,"Story of O, The (Histoire d'O)"
838,2709,Girl in Progress
2032,2710,"Secret Glory, The"
1556,2711,"Art of War II: Betrayal, The"
233,2712,Cheri
2889,2713,King Kong
1567,2714,"Scarlet Pimpernel, The"
883,2715,What Maisie Knew
2624,2716,"African Queen, The"
2236,2717,Shinobi No Mono 3: Resurrection (Shin shinobi no mono)
2011,2718,Unconditional Love
1037,2719,Ikigami
802,2720,Bang the Drum Slowly
1366,2721,Space Is The Place
604,2722,"Ali Zoua: Prince of the Streets (Ali Zaoua, prince de la rue)"
938,2723,Snake River Desperadoes
2748,2724,Gangs of Wasseypur
2972,2725,"Mystery of the Yellow Room, The (Mystère de la chambre jaune, Le)"
1950,2726,"Deep End, The"
807,2727,"Crucified Lovers, The (Chikamatsu monogatari)"
2037,2728,Ninja Cheerleaders
225,2729,The Monkey King
1794,2730,Operation 'Y' & Other Shurik's Adventures
1022,2731,Mallrats
1154,2732,Assault of the Sasquatch (Sasquatch Assault)
1636,2733,Animal Farm
1757,2734,"Aristocrats, The"
1076,2735,Never Let Me Go
735,2736,Kedma
1650,2737,Catwalk
780,2738,Los Angeles Plays Itself
308,2739,Restless (Uro)
1079,2740,Clouds of May (Mayis sikintisi)
1125,2741,"Hypothesis of the Stolen Painting, The (L'hypothèse du tableau volé)"
2803,2742,Sunshine
576,2743,Diana Vreeland: The Eye Has to Travel
1643,2744,Nick Fury: Agent of S.H.I.E.L.D.
938,2745,"Phantom of the Opera, The"
2543,2746,Time and Tide (Seunlau Ngaklau)
2651,2747,Sugarbaby
2840,2748,Time of Favor (Ha-Hesder)
803,2749,Serious Moonlight
2957,2750,"Shanghai Gesture, The"
1180,2751,Errors of the Human Body 
665,2752,Bye Bye Braverman
2255,2753,De Dana Dan
636,2754,Paziraie Sadeh
1087,2755,Boy Culture
746,2756,Dracula: Prince of Darkness
1682,2757,Critters 2: The Main Course
1437,2758,"Easy Come, Easy Go"
1046,2759,Strange Cargo
509,2760,Exotica
2168,2761,Sword of the Stranger (Sutorejia: Mukô hadan)
1633,2762,Appointment with Death
1161,2763,"36th Chamber of Shaolin, The (Shao Lin san shi liu fang) (Master Killer)"
1917,2764,Nobody Knows Anything!
2861,2765,Invisible Invaders
704,2766,Shadrach
2096,2767,High Strung
2539,2768,"Octopus, The (Le poulpe)"
1229,2769,Fatty Drives the Bus
2870,2770,Sonny
981,2771,Samurai Fiction (SF: Episode One)
210,2772,"Crow, The"
1943,2773,Plastic Paradise: The Great Pacific Garbage Patch
2491,2774,Our Dancing Daughters
890,2775,Eve of Destruction
2555,2776,Waydowntown
2253,2777,Raintree County
1645,2778,All Is Lost
2754,2779,"Warlords, The (Tau ming chong)"
2854,2780,"Hole, The"
1762,2781,Betrayed
2229,2782,Amira & Sam
262,2783,Man About Town
1760,2784,Eternal Sunshine of the Spotless Mind
1049,2785,"Necessities of Life, The (Ce qu'il faut pour vivre)"
334,2786,Testament
1934,2787,Draft Day
2106,2788,King Kong Lives
2637,2789,Infernal Affairs 2 (Mou gaan dou II)
2517,2790,Johnny Express
2806,2791,Zouzou
1842,2792,"New York, I Love You"
749,2793,"Prowler, The (a.k.a. Rosemary's Killer) (a.k.a. The Graduation)"
839,2794,Ceremony
1444,2795,Overboard
2296,2796,"Muppet Christmas: Letters to Santa, A"
1829,2797,The Siege of Firebase Gloria
1543,2798,Cheerleader Camp
538,2799,"Beast, The"
2495,2800,Urgh! A Music War
24,2801,In Between Days
1266,2802,"Devil Is a Woman, The"
2667,2803,Brief Crossing (Brève traversée)
559,2804,Adult Camp
2231,2805,Another Cinderella Story
48,2806,"Aura, The (Aura, El)"
2874,2807,Arsène Lupin
1764,2808,"Day After, The"
689,2809,Music From Another Room
1464,2810,Inkheart
977,2811,"Scenesters, The"
1561,2812,"Life of David Gale, The"
1923,2813,"Awful Dr. Orlof, The (Gritos en la Noche)"
1559,2814,Shadowzone
133,2815,Harold and Maude
697,2816,"Tall Target, The"
475,2817,Whole
827,2818,Immortals
1089,2819,Deep Water
1066,2820,Picture Bride (Bijo photo)
59,2821,California Dreamin' (Nesfarsit)
2801,2822,"Manitou, The"
2598,2823,Sweeney Todd: The Demon Barber of Fleet Street
57,2824,"Perils of Gwendoline in the Land of the Yik Yak, The"
1104,2825,New York Lightboard Record
2664,2826,Wonderland
2484,2827,Combat Shock
2472,2828,Kickin It Old Skool
911,2829,Happy Gilmore
2757,2830,Just Ask My Children
2092,2831,Bananas!*
1685,2832,The Castle of Fu Manchu
2869,2833,Lawn Dogs
1870,2834,"Art of Travel, The"
601,2835,Can I Do It 'Till I Need Glasses?
2445,2836,Merry Madagascar
12,2837,Pipe Dream
1507,2838,It's All True
1766,2839,Dirty Story
2670,2840,"Deer Hunter, The"
2448,2841,Foxes
1711,2842,"Brothers O'Toole, The"
1256,2843,"Black Orchid, The"
2636,2844,Wedding Trough (Vase de noces)
2890,2845,Kai Po Che!
1146,2846,"Bad News Bears in Breaking Training, The"
1390,2847,Ricky Rapper (Risto Räppääjä)
1150,2848,Police Academy: Mission to Moscow
1578,2849,Jesse Stone: Night Passage
675,2850,1
665,2851,Another Year
955,2852,"Cross: The Arthur Blessitt Story, The"
2028,2853,Beverly Hills Chihuahua 2
1836,2854,Fright Night 2: New Blood
2115,2855,Ivans xtc.
2731,2856,"Mystery, Alaska"
292,2857,Palme
2116,2858,Hardboiled Egg (Ovosodo)
2301,2859,Man About Town
2853,2860,Bad Dreams
11,2861,"South, The (Sur, El)"
771,2862,Paperman
1641,2863,Dinosaur
2611,2864,Nightfall
201,2865,Look Both Ways
937,2866,"Eel, The (Unagi)"
2754,2867,"Star Is Born, A"
1420,2868,Anazapta (Black Plague)
2215,2869,Bring Me the Head of Alfredo Garcia
1395,2870,Carnal Knowledge
935,2871,Nirvana
1867,2872,One Day in September
407,2873,"Triumph of the Nerds, The: The Rise of Accidental Empires"
2597,2874,Je suis né d'une cigogne
164,2875,Reconstituirea (Reconstruction)
1836,2876,Manufacturing Consent: Noam Chomsky and the Media
1681,2877,High Hopes
2848,2878,"Littlest Rebel, The"
187,2879,"Valley of Decision, The"
2385,2880,"Good Marriage, A (Beau mariage, Le)"
991,2881,His Kind of Woman
2930,2882,Central Park
472,2883,"Simpsons: The Longest Daycare, The"
2708,2884,Snoopy Come Home
113,2885,Away We Go
860,2886,Harry Potter and the Half-Blood Prince
2284,2887,Stella Does Tricks
1189,2888,Next of Kin
26,2889,Spring Subway
2518,2890,Transformers
818,2891,Mademoiselle
1404,2892,AmericanEast
1134,2893,Still of the Night
1801,2894,"Cat in the Hat, The"
1489,2895,Great Directors
1004,2896,Cut
2276,2897,"301, 302 (301/302)"
2402,2898,Dance with Me
2355,2899,Firaaq
2629,2900,Let It Ride
2168,2901,Performance
2733,2902,"Air I Breathe, The"
867,2903,"3rd Voice, The"
2166,2904,Final Fantasy VII: Advent Children
2326,2905,"Teacher, A"
2019,2906,John Mulaney: New In Town
2261,2907,Americathon
167,2908,This is Our Time
2925,2909,Jay-Z: Made in America
589,2910,Pretty Sweet
1172,2911,Stepmom
2605,2912,"Man Who Fell to Earth, The"
1328,2913,Crows and Sparrows (Wuya yu maque)
2990,2914,Two Much
1855,2915,Revanche
267,2916,Purge (Puhdistus)
1569,2917,1
1543,2918,"Big Town, The"
554,2919,I Stand Alone (Seul contre tous)
820,2920,Summer Holiday
1582,2921,Legend No. 17
415,2922,"Hush... Hush, Sweet Charlotte"
687,2923,Blink
892,2924,Bread and Roses
2569,2925,Frank and Ollie
2979,2926,W.C. Fields and Me
592,2927,Stowaway
749,2928,Arabian Nights
1266,2929,Gross Anatomy (a.k.a. A Cut Above)
358,2930,Sex Tape
2951,2931,American Gothic
2345,2932,"Descendants, The"
1425,2933,Merry-Go-Round
2083,2934,True Romance
312,2935,They Won't Forget
2749,2936,Shoot on Sight
461,2937,"Enemy Within, The (O ehthros mou)"
2375,2938,Moog
2278,2939,Leaving (Partir)
2574,2940,Bill Bailey: Tinselworm
830,2941,Love with the Proper Stranger
70,2942,"Letter for the King, The (Brief voor de koning, De)"
1915,2943,Torrente 3: El protector
2705,2944,"Pearls of the Crown, The (Les perles de la couronne)"
523,2945,City Hall
2530,2946,Videocracy (Videocracy - Basta apparire)
1861,2947,"Murderous Maids (Blessures assassines, Les)"
1161,2948,Firehouse Dog
1711,2949,"Day in the Life, A"
205,2950,Cursed
974,2951,Veronica Mars
2528,2952,"Others, The"
1491,2953,Galileo
109,2954,All the Invisible Children
2390,2955,"Men, Women & Children"
972,2956,Your Vice is a Locked Room and Only I Have the Key
1814,2957,G.I. Joe: The Movie
2891,2958,"Stars Fell on Henrietta, The"
2758,2959,To.get.her
1847,2960,"Hurricane, The"
1242,2961,Sanshiro Sugata Part Two (Judo Saga II) (Zoku Sugata Sanshirô)
1975,2962,Topralli
2995,2963,Dim Sum: A Little Bit of Heart
1078,2964,Farce of the Penguins
1407,2965,Invaders from Space
1333,2966,"Rumble in Hong Kong (Nu jing cha) (Heroine, The)"
2092,2967,The Man Who Played God
403,2968,Expelled from Paradise
990,2969,"Corporation, The"
1873,2970,"Flower of Evil, The (Fleur du mal, La)"
2538,2971,Barbarians at the Gate
457,2972,Cannibal Women in the Avocado Jungle of Death
710,2973,Fireworks (Hana-bi)
2814,2974,"Circle of Deception, A"
1940,2975,Escape to Witch Mountain
1128,2976,Whistling in the Dark
243,2977,Are All Men Pedophiles
1276,2978,Million Dollar Arm
2295,2979,Contraband
1962,2980,A Matador's Mistress
375,2981,About a Boy
479,2982,"Cartoonist: Jeff Smith, BONE and the Changing Face of Comics, The"
1872,2983,Dave Chappelle: For What it's Worth
1787,2984,Who Can Kill a Child? (a.k.a. Island of the Damned) (¿Quién puede matar a un niño?)
1462,2985,Winter Light (Nattvardsgästerna)
2278,2986,Voyage to the Bottom of the Sea
2915,2987,Vibrator
841,2988,Chariots of Fire
2197,2989,Twin Falls Idaho
1286,2990,"Nazis Strike, The (Why We Fight, 2)"
1371,2991,Satan's Sword 3: The Final Chapter (Daibosatsu toge: Kanketsu-hen)
1793,2992,Money for Nothing
765,2993,Al-risâlah
587,2994,Puckoon
2543,2995,Mahler
887,2996,Aurora
2651,2997,House at the End of the Street
2326,2998,"Barber, The"
2706,2999,Two Crimes (Dos crímenes)
689,3000,Life and Debt
